"countryIsoCode","country","year","CONTINENTE","Expected Years of Schooling (years)","Gross National Income Per Capita (2017 PPP$)","Human Development Index (value)","HDI Rank","Life Expectancy at Birth (years)","Mean Years of Schooling (years)"
"ALB","Albania","2000","EUROPA",10.7,6065.187,0.678,NA,75.404,8.754
"ALB","Albania","2001","EUROPA",10.918,6645.339,0.687,NA,75.639,8.824
"ALB","Albania","2002","EUROPA",11.021,6920.545,0.692,NA,75.89,8.888
"ALB","Albania","2003","EUROPA",11.376,7341.554,0.701,NA,76.142,8.953
"ALB","Albania","2004","EUROPA",11.501,7756.637,0.707,NA,76.376,9.018
"ALB","Albania","2005","EUROPA",12.234,8197.982,0.72,NA,76.621,9.083
"ALB","Albania","2006","EUROPA",12.554,8814.489,0.728,NA,76.816,9.147
"ALB","Albania","2007","EUROPA",12.973,9399.456,0.74,NA,77.549,9.212
"ALB","Albania","2008","EUROPA",13.175,9962.428,0.747,NA,77.653,9.277
"ALB","Albania","2009","EUROPA",13.36,10153.082,0.752,NA,77.781,9.452
"ALB","Albania","2010","EUROPA",14.172,10643.043,0.766,NA,77.936,9.627
"ALB","Albania","2011","EUROPA",15.002,11056.63,0.779,NA,78.092,9.802
"ALB","Albania","2012","EUROPA",15.766,11146.247,0.789,NA,78.064,10.025
"ALB","Albania","2013","EUROPA",15.996,11552.966,0.793,NA,78.123,10.015
"ALB","Albania","2014","EUROPA",16.243,11691.632,0.797,NA,78.407,10.006
"ALB","Albania","2015","EUROPA",15.912,12016.281,0.797,NA,78.644,9.996
"ALB","Albania","2016","EUROPA",15.449,12484.607,0.795,NA,78.86,9.986
"ALB","Albania","2017","EUROPA",15.326,12802.176,0.796,NA,79.047,9.977
"ALB","Albania","2018","EUROPA",15.108,13302.733,0.797,NA,79.184,10.025
"ALB","Albania","2019","EUROPA",15.178,13481.972,0.8,NA,79.282,10.073
"ALB","Albania","2020","EUROPA",14.76,13069.128,0.784,NA,76.989,10.121
"ALB","Albania","2021","EUROPA",14.572,14399.78,0.785,NA,76.463,10.121
"ALB","Albania","2022","EUROPA",14.487,15293.327,0.789,74,76.833,10.121
"AND","Andorra","2000","EUROPA",10.547,47337.675,0.815,NA,80.919,9.806
"AND","Andorra","2001","EUROPA",10.65,49880.862,0.823,NA,81.686,9.892
"AND","Andorra","2002","EUROPA",10.754,49919.169,0.828,NA,82.237,9.978
"AND","Andorra","2003","EUROPA",10.597,52014.134,0.836,NA,83.921,10.065
"AND","Andorra","2004","EUROPA",10.461,54033.492,0.828,NA,80.084,10.701
"AND","Andorra","2005","EUROPA",10.486,54886.104,0.828,NA,81.76,10.09
"AND","Andorra","2006","EUROPA",10.658,57242.224,0.842,NA,82.966,10.413
"AND","Andorra","2007","EUROPA",11.272,59658.103,0.851,NA,82.659,10.442
"AND","Andorra","2008","EUROPA",11.886,57906.853,0.857,NA,82.698,10.471
"AND","Andorra","2009","EUROPA",12.099,56471.984,0.859,NA,82.752,10.5
"AND","Andorra","2010","EUROPA",12.312,57162.419,0.863,NA,82.816,10.529
"AND","Andorra","2011","EUROPA",12.525,57928.791,0.867,NA,82.897,10.558
"AND","Andorra","2012","EUROPA",12.738,54701.561,0.867,NA,82.917,10.587
"AND","Andorra","2013","EUROPA",11.504,52499.19,0.851,NA,82.934,10.616
"AND","Andorra","2014","EUROPA",11.608,53623.112,0.854,NA,82.948,10.645
"AND","Andorra","2015","EUROPA",11.802,54297.459,0.856,NA,82.953,10.573
"AND","Andorra","2016","EUROPA",11.971,55695.332,0.859,NA,82.967,10.556
"AND","Andorra","2017","EUROPA",11.923,54906.348,0.86,NA,82.98,10.732
"AND","Andorra","2018","EUROPA",11.928,54904.29,0.863,NA,82.992,10.909
"AND","Andorra","2019","EUROPA",11.926,55035.018,0.865,NA,83.004,11.085
"AND","Andorra","2020","EUROPA",11.912,48026.39,0.843,NA,79.023,11.261
"AND","Andorra","2021","EUROPA",11.988,51128.348,0.855,NA,80.368,11.437
"AND","Andorra","2022","EUROPA",12.784,54233.449,0.884,35,83.552,11.613
"ARM","Armenia","2000","EUROPA",10.725,4047.936,0.656,NA,70.624,10.49
"ARM","Armenia","2001","EUROPA",10.506,4481.334,0.661,NA,70.932,10.488
"ARM","Armenia","2002","EUROPA",10.547,5144.307,0.67,NA,71.018,10.559
"ARM","Armenia","2003","EUROPA",10.588,5902.461,0.681,NA,71.436,10.629
"ARM","Armenia","2004","EUROPA",10.628,6610.488,0.689,NA,71.421,10.7
"ARM","Armenia","2005","EUROPA",10.881,7579.668,0.701,NA,71.792,10.771
"ARM","Armenia","2006","EUROPA",11.335,8681.503,0.714,NA,71.987,10.841
"ARM","Armenia","2007","EUROPA",11.928,10016.917,0.73,NA,72.327,10.912
"ARM","Armenia","2008","EUROPA",11.697,10843.067,0.733,NA,72.398,10.983
"ARM","Armenia","2009","EUROPA",12.232,9186.423,0.732,NA,72.813,11.053
"ARM","Armenia","2010","EUROPA",12.426,9517.274,0.739,NA,73.16,11.124
"ARM","Armenia","2011","EUROPA",12.556,9892.56,0.743,NA,73.305,11.195
"ARM","Armenia","2012","EUROPA",12.679,10718.4,0.751,NA,73.454,11.289
"ARM","Armenia","2013","EUROPA",12.801,11336.712,0.757,NA,73.676,11.383
"ARM","Armenia","2014","EUROPA",13.078,11608.186,0.764,NA,74.058,11.478
"ARM","Armenia","2015","EUROPA",13.132,11966.456,0.769,NA,74.436,11.572
"ARM","Armenia","2016","EUROPA",13.362,11854.26,0.773,NA,74.664,11.69
"ARM","Armenia","2017","EUROPA",13.592,12949.75,0.775,NA,74.906,11.188
"ARM","Armenia","2018","EUROPA",13.821,13459.018,0.781,NA,75.064,11.235
"ARM","Armenia","2019","EUROPA",13.999,14521.838,0.789,NA,75.439,11.283
"ARM","Armenia","2020","EUROPA",14.078,13181.649,0.769,NA,72.173,11.33
"ARM","Armenia","2021","EUROPA",14.43,13813.881,0.774,NA,72.043,11.33
"ARM","Armenia","2022","EUROPA",14.406,15388.3,0.786,76,73.372,11.33
"AUT","Austria","2000","EUROPA",15.233,46056.685,0.87,NA,78.236,11.106
"AUT","Austria","2001","EUROPA",15.308,46225.39,0.874,NA,78.719,11.196
"AUT","Austria","2002","EUROPA",15.383,47137.63,0.878,NA,78.847,11.287
"AUT","Austria","2003","EUROPA",15.458,47510.266,0.88,NA,78.85,11.378
"AUT","Austria","2004","EUROPA",15.533,48564.171,0.886,NA,79.363,11.468
"AUT","Austria","2005","EUROPA",15.608,49280.023,0.889,NA,79.521,11.559
"AUT","Austria","2006","EUROPA",15.683,50960.166,0.893,NA,79.966,11.545
"AUT","Austria","2007","EUROPA",15.758,52510.54,0.896,NA,80.167,11.531
"AUT","Austria","2008","EUROPA",15.861,53611.225,0.899,NA,80.364,11.468
"AUT","Austria","2009","EUROPA",15.867,51007.448,0.898,NA,80.207,11.674
"AUT","Austria","2010","EUROPA",16.129,52277.595,0.903,NA,80.464,11.715
"AUT","Austria","2011","EUROPA",16.173,53356.396,0.907,NA,80.829,11.711
"AUT","Austria","2012","EUROPA",16.305,53349.762,0.909,NA,80.841,11.752
"AUT","Austria","2013","EUROPA",16.037,53138.16,0.907,NA,81.078,11.788
"AUT","Austria","2014","EUROPA",16.022,53001.219,0.911,NA,81.39,12.014
"AUT","Austria","2015","EUROPA",16.033,52352.336,0.91,NA,81.159,12.077
"AUT","Austria","2016","EUROPA",15.897,53340.757,0.913,NA,81.593,12.115
"AUT","Austria","2017","EUROPA",15.944,53665.027,0.914,NA,81.639,12.159
"AUT","Austria","2018","EUROPA",16.022,54677.546,0.917,NA,81.686,12.208
"AUT","Austria","2019","EUROPA",16.076,55647.006,0.92,NA,81.908,12.257
"AUT","Austria","2020","EUROPA",16.124,52446.034,0.916,NA,81.504,12.306
"AUT","Austria","2021","EUROPA",16.367,54360.741,0.92,NA,81.58,12.306
"AUT","Austria","2022","EUROPA",16.367,56529.663,0.926,22,82.412,12.306
"AZE","Azerbaijan","2000","EUROPA",11.857,3893.55,0.635,NA,64.891,10.249
"AZE","Azerbaijan","2001","EUROPA",11.935,4199.72,0.644,NA,65.51,10.316
"AZE","Azerbaijan","2002","EUROPA",12.014,4566.538,0.654,NA,66.239,10.383
"AZE","Azerbaijan","2003","EUROPA",12.093,5003.814,0.663,NA,66.756,10.45
"AZE","Azerbaijan","2004","EUROPA",12.172,5312.645,0.67,NA,67.346,10.517
"AZE","Azerbaijan","2005","EUROPA",12.252,6251.172,0.682,NA,67.562,10.584
"AZE","Azerbaijan","2006","EUROPA",12.333,8249.356,0.701,NA,68.165,10.651
"AZE","Azerbaijan","2007","EUROPA",12.415,9876.347,0.714,NA,68.603,10.719
"AZE","Azerbaijan","2008","EUROPA",12.497,11339.809,0.723,NA,68.811,10.731
"AZE","Azerbaijan","2009","EUROPA",12.58,12625.62,0.729,NA,69.356,10.452
"AZE","Azerbaijan","2010","EUROPA",12.662,13284.946,0.733,NA,69.529,10.466
"AZE","Azerbaijan","2011","EUROPA",12.744,13002.313,0.735,NA,69.984,10.467
"AZE","Azerbaijan","2012","EUROPA",12.826,13272.621,0.739,NA,70.36,10.472
"AZE","Azerbaijan","2013","EUROPA",12.908,13956.43,0.745,NA,70.881,10.476
"AZE","Azerbaijan","2014","EUROPA",12.991,14466.533,0.749,NA,71.116,10.478
"AZE","Azerbaijan","2015","EUROPA",13.073,14398.448,0.751,NA,71.451,10.476
"AZE","Azerbaijan","2016","EUROPA",13.155,13388.752,0.752,NA,72.004,10.555
"AZE","Azerbaijan","2017","EUROPA",13.237,13587.531,0.754,NA,72.248,10.545
"AZE","Azerbaijan","2018","EUROPA",13.319,13533.532,0.757,NA,72.76,10.542
"AZE","Azerbaijan","2019","EUROPA",13.481,13897.393,0.762,NA,73.102,10.543
"AZE","Azerbaijan","2020","EUROPA",12.632,13683.77,0.722,NA,66.868,10.556
"AZE","Azerbaijan","2021","EUROPA",12.678,14408.107,0.738,NA,69.366,10.556
"AZE","Azerbaijan","2022","EUROPA",12.711,15018.054,0.76,89,73.488,10.556
"BEL","Belgium","2000","EUROPA",17.771,44162.282,0.884,NA,77.766,10.544
"BEL","Belgium","2001","EUROPA",18.31,44180.863,0.889,NA,78.081,10.641
"BEL","Belgium","2002","EUROPA",18.483,44672.898,0.891,NA,78.167,10.738
"BEL","Belgium","2003","EUROPA",18.703,45027.553,0.893,NA,78.32,10.835
"BEL","Belgium","2004","EUROPA",18.481,46185.427,0.899,NA,78.96,10.933
"BEL","Belgium","2005","EUROPA",18.835,46929.147,0.901,NA,79.053,11.03
"BEL","Belgium","2006","EUROPA",19.054,47897.25,0.904,NA,79.388,11.053
"BEL","Belgium","2007","EUROPA",19.099,49272.083,0.907,NA,79.526,11.117
"BEL","Belgium","2008","EUROPA",19.137,49587.72,0.909,NA,79.577,11.182
"BEL","Belgium","2009","EUROPA",19.166,47948.74,0.91,NA,79.847,11.317
"BEL","Belgium","2010","EUROPA",19.218,48706.831,0.913,NA,80.033,11.416
"BEL","Belgium","2011","EUROPA",19.049,48229.785,0.914,NA,80.365,11.47
"BEL","Belgium","2012","EUROPA",19.16,49314.242,0.915,NA,80.261,11.5
"BEL","Belgium","2013","EUROPA",19.351,49379.386,0.917,NA,80.468,11.54
"BEL","Belgium","2014","EUROPA",19.708,49762.825,0.922,NA,81.081,11.64
"BEL","Belgium","2015","EUROPA",19.792,50155.165,0.924,NA,80.89,11.894
"BEL","Belgium","2016","EUROPA",19.657,50309.858,0.927,NA,81.266,11.985
"BEL","Belgium","2017","EUROPA",19.761,50904.689,0.931,NA,81.362,12.237
"BEL","Belgium","2018","EUROPA",19.561,51562.931,0.933,NA,81.479,12.306
"BEL","Belgium","2019","EUROPA",19.568,52490.462,0.936,NA,81.831,12.376
"BEL","Belgium","2020","EUROPA",19.275,49491.021,0.93,NA,80.788,12.529
"BEL","Belgium","2021","EUROPA",18.946,52299.4,0.938,NA,81.879,12.529
"BEL","Belgium","2022","EUROPA",18.946,53644.039,0.942,12,82.293,12.529
"BGR","Bulgaria","2000","EUROPA",12.805,10279.598,0.723,NA,71.609,9.741
"BGR","Bulgaria","2001","EUROPA",12.796,11147.519,0.732,NA,71.915,10.037
"BGR","Bulgaria","2002","EUROPA",13.2,12269.359,0.743,NA,72.162,10.113
"BGR","Bulgaria","2003","EUROPA",13.665,12963.145,0.753,NA,72.408,10.189
"BGR","Bulgaria","2004","EUROPA",13.871,13856.394,0.76,NA,72.609,10.265
"BGR","Bulgaria","2005","EUROPA",14.02,14824.544,0.765,NA,72.592,10.341
"BGR","Bulgaria","2006","EUROPA",14.084,15543.423,0.77,NA,72.722,10.416
"BGR","Bulgaria","2007","EUROPA",14.25,15884.662,0.776,NA,73.037,10.542
"BGR","Bulgaria","2008","EUROPA",14.183,17416.565,0.782,NA,73.365,10.586
"BGR","Bulgaria","2009","EUROPA",14.234,17220.165,0.784,NA,73.705,10.642
"BGR","Bulgaria","2010","EUROPA",14.484,17799.116,0.79,NA,73.835,10.722
"BGR","Bulgaria","2011","EUROPA",14.587,18085.933,0.794,NA,74.189,10.782
"BGR","Bulgaria","2012","EUROPA",14.569,18672.656,0.798,NA,74.357,10.896
"BGR","Bulgaria","2013","EUROPA",14.959,18511.182,0.804,NA,74.849,11.006
"BGR","Bulgaria","2014","EUROPA",15.174,19048.311,0.807,NA,74.482,11.052
"BGR","Bulgaria","2015","EUROPA",15.079,19375.69,0.809,NA,74.632,11.188
"BGR","Bulgaria","2016","EUROPA",14.829,20093.456,0.81,NA,74.834,11.232
"BGR","Bulgaria","2017","EUROPA",14.645,20986.68,0.81,NA,74.799,11.243
"BGR","Bulgaria","2018","EUROPA",14.497,21476.699,0.811,NA,74.898,11.3
"BGR","Bulgaria","2019","EUROPA",14.254,22590.949,0.813,NA,75.062,11.356
"BGR","Bulgaria","2020","EUROPA",14.037,21652.934,0.802,NA,73.645,11.413
"BGR","Bulgaria","2021","EUROPA",13.868,23725.051,0.796,NA,71.798,11.413
"BGR","Bulgaria","2022","EUROPA",13.868,25920.804,0.799,70,71.528,11.413
"BIH","Bosnia and Herzegovina","2000","EUROPA",11.28,7445.601,0.656,NA,74.496,6.12
"BIH","Bosnia and Herzegovina","2001","EUROPA",11.441,7521.306,0.661,NA,75.06,6.126
"BIH","Bosnia and Herzegovina","2002","EUROPA",11.605,7801.876,0.663,NA,74.612,6.133
"BIH","Bosnia and Herzegovina","2003","EUROPA",11.771,8051.752,0.671,NA,75.782,6.14
"BIH","Bosnia and Herzegovina","2004","EUROPA",11.939,8550.371,0.678,NA,76.133,6.146
"BIH","Bosnia and Herzegovina","2005","EUROPA",12.11,8935.395,0.679,NA,75.42,6.153
"BIH","Bosnia and Herzegovina","2006","EUROPA",12.283,9417.138,0.687,NA,76.247,6.16
"BIH","Bosnia and Herzegovina","2007","EUROPA",12.458,10091.541,0.702,NA,76.161,6.826
"BIH","Bosnia and Herzegovina","2008","EUROPA",12.833,10888.69,0.714,NA,76.838,6.921
"BIH","Bosnia and Herzegovina","2009","EUROPA",12.919,10757.994,0.716,NA,76.976,7.016
"BIH","Bosnia and Herzegovina","2010","EUROPA",12.951,10809.665,0.718,NA,77.073,7.111
"BIH","Bosnia and Herzegovina","2011","EUROPA",13.185,11021.62,0.723,NA,77.007,7.238
"BIH","Bosnia and Herzegovina","2012","EUROPA",13.372,11132.692,0.735,NA,77.191,7.89
"BIH","Bosnia and Herzegovina","2013","EUROPA",13.617,11633.918,0.745,NA,76.33,8.542
"BIH","Bosnia and Herzegovina","2014","EUROPA",13.646,11864.103,0.751,NA,75.659,9.194
"BIH","Bosnia and Herzegovina","2015","EUROPA",13.625,12524.058,0.757,NA,76.182,9.292
"BIH","Bosnia and Herzegovina","2016","EUROPA",13.624,13021.263,0.767,NA,76.808,9.693
"BIH","Bosnia and Herzegovina","2017","EUROPA",13.627,13469.722,0.77,NA,76.935,9.753
"BIH","Bosnia and Herzegovina","2018","EUROPA",13.578,14185.639,0.774,NA,77.093,9.812
"BIH","Bosnia and Herzegovina","2019","EUROPA",13.441,14828.729,0.78,NA,77.241,10.174
"BIH","Bosnia and Herzegovina","2020","EUROPA",13.255,14505.452,0.776,NA,76.225,10.536
"BIH","Bosnia and Herzegovina","2021","EUROPA",13.277,15651.401,0.776,NA,75.3,10.536
"BIH","Bosnia and Herzegovina","2022","EUROPA",13.277,16571.413,0.779,80,75.293,10.536
"BLR","Belarus","2000","EUROPA",13.078,8026.399,0.708,NA,69.18,10.381
"BLR","Belarus","2001","EUROPA",13.372,8451.601,0.713,NA,68.864,10.468
"BLR","Belarus","2002","EUROPA",13.666,8943.529,0.718,NA,68.484,10.555
"BLR","Belarus","2003","EUROPA",13.959,9665.065,0.728,NA,68.939,10.644
"BLR","Belarus","2004","EUROPA",14.253,10827.634,0.74,NA,69.406,10.733
"BLR","Belarus","2005","EUROPA",14.547,11950.984,0.749,NA,69.416,10.823
"BLR","Belarus","2006","EUROPA",14.841,13174.198,0.761,NA,69.988,10.914
"BLR","Belarus","2007","EUROPA",15.135,14299.794,0.772,NA,70.762,11.005
"BLR","Belarus","2008","EUROPA",15.428,15749.941,0.782,NA,70.922,11.097
"BLR","Belarus","2009","EUROPA",15.518,15705.63,0.784,NA,71.094,11.19
"BLR","Belarus","2010","EUROPA",15.552,16988.219,0.79,NA,71.122,11.286
"BLR","Belarus","2011","EUROPA",15.695,18070.503,0.798,NA,71.516,11.381
"BLR","Belarus","2012","EUROPA",15.776,18187.994,0.805,NA,72.614,11.476
"BLR","Belarus","2013","EUROPA",15.578,18137.472,0.806,NA,72.989,11.572
"BLR","Belarus","2014","EUROPA",15.414,18535.925,0.81,NA,73.585,11.667
"BLR","Belarus","2015","EUROPA",15.264,17569.76,0.809,NA,73.987,11.762
"BLR","Belarus","2016","EUROPA",15.189,17048.627,0.809,NA,74.258,11.858
"BLR","Belarus","2017","EUROPA",15.005,17666.594,0.811,NA,74.452,11.953
"BLR","Belarus","2018","EUROPA",14.672,18287.09,0.812,NA,74.568,12.048
"BLR","Belarus","2019","EUROPA",14.4,18714.06,0.81,NA,74.216,12.144
"BLR","Belarus","2020","EUROPA",14.265,18404.597,0.8,NA,72.513,12.241
"BLR","Belarus","2021","EUROPA",14.195,19104.253,0.801,NA,72.438,12.241
"BLR","Belarus","2022","EUROPA",13.982,18425.011,0.801,69,73.246,12.241
"CHE","Switzerland","2000","EUROPA",15.038,62899.703,0.885,NA,79.834,10.637
"CHE","Switzerland","2001","EUROPA",15.066,61916.146,0.888,NA,80.251,10.751
"CHE","Switzerland","2002","EUROPA",14.962,60664.951,0.888,NA,80.443,10.864
"CHE","Switzerland","2003","EUROPA",15.102,62514.86,0.893,NA,80.532,10.978
"CHE","Switzerland","2004","EUROPA",15.181,63532.985,0.898,NA,81.053,11.092
"CHE","Switzerland","2005","EUROPA",15.223,66132.262,0.903,NA,81.234,11.205
"CHE","Switzerland","2006","EUROPA",15.313,67796.791,0.913,NA,81.546,11.739
"CHE","Switzerland","2007","EUROPA",15.429,65454.427,0.92,NA,81.699,12.272
"CHE","Switzerland","2008","EUROPA",15.486,61836.739,0.926,NA,81.966,12.806
"CHE","Switzerland","2009","EUROPA",15.516,64776.16,0.935,NA,81.985,13.339
"CHE","Switzerland","2010","EUROPA",15.68,68652.05,0.94,NA,82.283,13.324
"CHE","Switzerland","2011","EUROPA",15.673,66074.155,0.94,NA,82.571,13.325
"CHE","Switzerland","2012","EUROPA",15.828,66882.195,0.943,NA,82.616,13.414
"CHE","Switzerland","2013","EUROPA",16.024,67248.496,0.947,NA,82.69,13.527
"CHE","Switzerland","2014","EUROPA",16.09,66835.763,0.951,NA,83.085,13.64
"CHE","Switzerland","2015","EUROPA",16.156,67919.933,0.952,NA,82.847,13.712
"CHE","Switzerland","2016","EUROPA",16.134,67496.494,0.954,NA,83.445,13.667
"CHE","Switzerland","2017","EUROPA",16.168,67250.541,0.955,NA,83.412,13.733
"CHE","Switzerland","2018","EUROPA",16.259,67150.702,0.957,NA,83.561,13.8
"CHE","Switzerland","2019","EUROPA",16.345,67530.738,0.96,NA,83.78,13.86
"CHE","Switzerland","2020","EUROPA",16.434,66266.629,0.957,NA,83.067,13.904
"CHE","Switzerland","2021","EUROPA",16.584,68550.381,0.965,NA,83.987,13.904
"CHE","Switzerland","2022","EUROPA",16.584,69432.787,0.967,1,84.255,13.904
"CYP","Cyprus","2000","EUROPA",12.404,30131.121,0.797,NA,76.568,9.91
"CYP","Cyprus","2001","EUROPA",12.507,31446.984,0.804,NA,76.989,10.072
"CYP","Cyprus","2002","EUROPA",12.972,32970.328,0.816,NA,77.487,10.234
"CYP","Cyprus","2003","EUROPA",13.343,33779.969,0.825,NA,77.788,10.397
"CYP","Cyprus","2004","EUROPA",13.464,34417.133,0.83,NA,77.944,10.559
"CYP","Cyprus","2005","EUROPA",13.362,35767.473,0.833,NA,78.101,10.72
"CYP","Cyprus","2006","EUROPA",13.392,36712.559,0.839,NA,78.371,10.967
"CYP","Cyprus","2007","EUROPA",13.441,37413.605,0.845,NA,78.81,11.193
"CYP","Cyprus","2008","EUROPA",13.667,39758.109,0.853,NA,78.981,11.284
"CYP","Cyprus","2009","EUROPA",14.028,38447.77,0.857,NA,79.401,11.262
"CYP","Cyprus","2010","EUROPA",13.992,37877.301,0.859,NA,79.665,11.442
"CYP","Cyprus","2011","EUROPA",13.942,38589.887,0.863,NA,79.999,11.578
"CYP","Cyprus","2012","EUROPA",13.957,35515.223,0.862,NA,80.109,11.806
"CYP","Cyprus","2013","EUROPA",14.18,33088.23,0.863,NA,80.402,11.878
"CYP","Cyprus","2014","EUROPA",14.462,32370.768,0.867,NA,80.771,11.884
"CYP","Cyprus","2015","EUROPA",14.828,34359.445,0.874,NA,80.966,11.865
"CYP","Cyprus","2016","EUROPA",15.034,35206.469,0.881,NA,81.056,12.087
"CYP","Cyprus","2017","EUROPA",15.509,37290.516,0.891,NA,81.328,12.185
"CYP","Cyprus","2018","EUROPA",15.696,38657.613,0.896,NA,81.382,12.283
"CYP","Cyprus","2019","EUROPA",16.014,39466.949,0.901,NA,81.397,12.362
"CYP","Cyprus","2020","EUROPA",16.228,36715.754,0.9,NA,81.391,12.44
"CYP","Cyprus","2021","EUROPA",16.243,38168.977,0.901,NA,81.203,12.44
"CYP","Cyprus","2022","EUROPA",16.243,40136.895,0.907,29,81.889,12.44
"CZE","Czechia","2000","EUROPA",14.021,24653.551,0.81,NA,74.979,10.989
"CZE","Czechia","2001","EUROPA",14.466,25188.916,0.82,NA,75.315,11.178
"CZE","Czechia","2002","EUROPA",14.823,25359.396,0.826,NA,75.444,11.367
"CZE","Czechia","2003","EUROPA",15.163,26306.712,0.833,NA,75.397,11.556
"CZE","Czechia","2004","EUROPA",14.996,27146.667,0.838,NA,75.943,11.745
"CZE","Czechia","2005","EUROPA",15.253,28955.752,0.847,NA,76.159,11.934
"CZE","Czechia","2006","EUROPA",15.384,30337.12,0.856,NA,76.711,12.123
"CZE","Czechia","2007","EUROPA",15.638,31756.586,0.862,NA,76.922,12.142
"CZE","Czechia","2008","EUROPA",15.68,32480.676,0.865,NA,77.174,12.192
"CZE","Czechia","2009","EUROPA",15.999,30501.305,0.866,NA,77.26,12.295
"CZE","Czechia","2010","EUROPA",16.216,30989.179,0.872,NA,77.57,12.385
"CZE","Czechia","2011","EUROPA",16.363,31301.198,0.876,NA,77.819,12.468
"CZE","Czechia","2012","EUROPA",16.355,31561.41,0.878,NA,78.006,12.52
"CZE","Czechia","2013","EUROPA",16.857,31545.242,0.884,NA,78.18,12.597
"CZE","Czechia","2014","EUROPA",16.961,32021.628,0.889,NA,78.755,12.638
"CZE","Czechia","2015","EUROPA",16.955,33678.653,0.891,NA,78.58,12.673
"CZE","Czechia","2016","EUROPA",16.786,34495.434,0.894,NA,78.997,12.737
"CZE","Czechia","2017","EUROPA",16.678,36626.686,0.896,NA,78.956,12.787
"CZE","Czechia","2018","EUROPA",16.124,37752.162,0.893,NA,79.004,12.828
"CZE","Czechia","2019","EUROPA",16.103,38512.36,0.896,NA,79.243,12.869
"CZE","Czechia","2020","EUROPA",16.139,36695.692,0.891,NA,78.575,12.916
"CZE","Czechia","2021","EUROPA",16.347,39060.605,0.891,NA,77.728,12.916
"CZE","Czechia","2022","EUROPA",16.347,39944.667,0.895,32,78.129,12.916
"DEU","Germany","2000","EUROPA",16.163,42685.481,0.89,NA,78.064,12.42
"DEU","Germany","2001","EUROPA",16.235,43269.579,0.897,NA,78.409,12.765
"DEU","Germany","2002","EUROPA",16.307,42954.186,0.902,NA,78.483,13.11
"DEU","Germany","2003","EUROPA",16.378,42647.127,0.906,NA,78.544,13.455
"DEU","Germany","2004","EUROPA",16.45,43867.578,0.915,NA,79.126,13.8
"DEU","Germany","2005","EUROPA",16.522,44309.405,0.916,NA,79.262,13.704
"DEU","Germany","2006","EUROPA",16.593,46443.056,0.92,NA,79.591,13.603
"DEU","Germany","2007","EUROPA",16.665,47778.509,0.923,NA,79.741,13.68
"DEU","Germany","2008","EUROPA",16.737,48087.591,0.926,NA,79.826,13.756
"DEU","Germany","2009","EUROPA",16.808,46058.812,0.925,NA,79.925,13.828
"DEU","Germany","2010","EUROPA",16.88,47933.864,0.929,NA,80.086,13.852
"DEU","Germany","2011","EUROPA",16.952,51009.635,0.935,NA,80.36,13.931
"DEU","Germany","2012","EUROPA",17.023,51046.846,0.937,NA,80.506,13.978
"DEU","Germany","2013","EUROPA",17.095,51092.814,0.938,NA,80.463,14.01
"DEU","Germany","2014","EUROPA",17.118,51852.203,0.942,NA,80.915,14.037
"DEU","Germany","2015","EUROPA",17.112,52322.297,0.941,NA,80.574,14.082
"DEU","Germany","2016","EUROPA",16.875,53171.299,0.941,NA,80.847,14.132
"DEU","Germany","2017","EUROPA",16.99,54335.963,0.944,NA,80.944,14.105
"DEU","Germany","2018","EUROPA",17.042,55226.694,0.946,NA,81.172,14.077
"DEU","Germany","2019","EUROPA",17.224,55685.012,0.951,NA,81.558,14.167
"DEU","Germany","2020","EUROPA",17.226,53374.576,0.948,NA,81.147,14.256
"DEU","Germany","2021","EUROPA",17.343,55056.697,0.948,NA,80.63,14.256
"DEU","Germany","2022","EUROPA",17.343,55340.197,0.95,7,80.989,14.256
"DNK","Denmark","2000","EUROPA",16.203,47842.31,0.89,NA,76.814,12.472
"DNK","Denmark","2001","EUROPA",16.547,48441.94,0.897,NA,76.972,12.636
"DNK","Denmark","2002","EUROPA",16.204,48619.965,0.896,NA,77.097,12.801
"DNK","Denmark","2003","EUROPA",16.362,48841.733,0.901,NA,77.399,12.966
"DNK","Denmark","2004","EUROPA",16.519,50509.889,0.906,NA,77.784,12.917
"DNK","Denmark","2005","EUROPA",16.78,51891.162,0.911,NA,78.224,12.828
"DNK","Denmark","2006","EUROPA",16.646,53953.003,0.911,NA,78.222,12.74
"DNK","Denmark","2007","EUROPA",16.806,53832.946,0.912,NA,78.348,12.652
"DNK","Denmark","2008","EUROPA",16.716,53564.02,0.915,NA,78.713,12.884
"DNK","Denmark","2009","EUROPA",16.715,50606.302,0.909,NA,78.957,12.471
"DNK","Denmark","2010","EUROPA",16.89,51653.701,0.913,NA,79.246,12.426
"DNK","Denmark","2011","EUROPA",18.354,52360.197,0.927,NA,79.784,12.466
"DNK","Denmark","2012","EUROPA",18.677,52360.5,0.931,NA,80.081,12.701
"DNK","Denmark","2013","EUROPA",19.173,53098.628,0.933,NA,80.304,12.746
"DNK","Denmark","2014","EUROPA",19.209,53941.25,0.932,NA,80.63,12.388
"DNK","Denmark","2015","EUROPA",19.297,54520.04,0.936,NA,80.738,12.638
"DNK","Denmark","2016","EUROPA",19.04,55515.417,0.943,NA,80.88,13.163
"DNK","Denmark","2017","EUROPA",18.824,56568.416,0.944,NA,81.111,13.012
"DNK","Denmark","2018","EUROPA",18.722,57733.303,0.942,NA,80.99,12.861
"DNK","Denmark","2019","EUROPA",18.62,58453.588,0.946,NA,81.434,12.911
"DNK","Denmark","2020","EUROPA",18.64,57324.124,0.946,NA,81.545,12.96
"DNK","Denmark","2021","EUROPA",18.774,59993.31,0.947,NA,81.375,12.96
"DNK","Denmark","2022","EUROPA",18.774,62018.957,0.952,5,81.882,12.96
"ESP","Spain","2000","EUROPA",15.865,34513.805,0.828,NA,79.417,7.847
"ESP","Spain","2001","EUROPA",15.923,35385.75,0.833,NA,79.744,8.044
"ESP","Spain","2002","EUROPA",15.97,35928.429,0.838,NA,79.824,8.242
"ESP","Spain","2003","EUROPA",15.891,36449.218,0.84,NA,79.755,8.439
"ESP","Spain","2004","EUROPA",15.934,36903.1,0.846,NA,80.336,8.637
"ESP","Spain","2005","EUROPA",15.982,37439.662,0.851,NA,80.328,8.923
"ESP","Spain","2006","EUROPA",15.931,38140.622,0.856,NA,80.972,9.03
"ESP","Spain","2007","EUROPA",15.912,38549.404,0.857,NA,80.98,9.122
"ESP","Spain","2008","EUROPA",15.874,38152.672,0.858,NA,81.29,9.187
"ESP","Spain","2009","EUROPA",15.959,36702.644,0.86,NA,81.641,9.252
"ESP","Spain","2010","EUROPA",16.403,36770.264,0.868,NA,82.021,9.363
"ESP","Spain","2011","EUROPA",16.751,36232.958,0.873,NA,82.197,9.484
"ESP","Spain","2012","EUROPA",16.99,35483.35,0.875,NA,82.211,9.511
"ESP","Spain","2013","EUROPA",17.164,35145.956,0.88,NA,82.72,9.615
"ESP","Spain","2014","EUROPA",17.285,35852.332,0.884,NA,82.858,9.72
"ESP","Spain","2015","EUROPA",17.404,37385.841,0.889,NA,82.646,9.912
"ESP","Spain","2016","EUROPA",17.439,38592.801,0.894,NA,83.041,10.011
"ESP","Spain","2017","EUROPA",17.48,39565.057,0.896,NA,83.029,10.077
"ESP","Spain","2018","EUROPA",17.519,40334.818,0.899,NA,83.144,10.142
"ESP","Spain","2019","EUROPA",17.501,40854.139,0.904,NA,83.532,10.374
"ESP","Spain","2020","EUROPA",17.47,36075.605,0.894,NA,82.289,10.605
"ESP","Spain","2021","EUROPA",17.809,38132.739,0.904,NA,83.01,10.605
"ESP","Spain","2022","EUROPA",17.809,40043.338,0.911,27,83.912,10.605
"EST","Estonia","2000","EUROPA",15.163,17200.895,0.798,NA,71.33,12.176
"EST","Estonia","2001","EUROPA",15.658,18210.609,0.807,NA,71.418,12.347
"EST","Estonia","2002","EUROPA",15.948,19572.784,0.818,NA,71.871,12.517
"EST","Estonia","2003","EUROPA",16.091,21025.372,0.826,NA,72.158,12.688
"EST","Estonia","2004","EUROPA",16.255,22664.908,0.836,NA,72.644,12.859
"EST","Estonia","2005","EUROPA",16.491,25191.31,0.848,NA,73.197,13.03
"EST","Estonia","2006","EUROPA",16.457,27463.039,0.856,NA,73.479,13.2
"EST","Estonia","2007","EUROPA",16.433,29159.932,0.859,NA,73.605,13.218
"EST","Estonia","2008","EUROPA",16.298,28150.592,0.861,NA,74.412,13.252
"EST","Estonia","2009","EUROPA",16.318,24592.293,0.859,NA,75.192,13.321
"EST","Estonia","2010","EUROPA",16.508,24667.89,0.864,NA,75.749,13.331
"EST","Estonia","2011","EUROPA",16.635,26603.174,0.873,NA,76.468,13.399
"EST","Estonia","2012","EUROPA",16.607,27830.089,0.876,NA,76.545,13.449
"EST","Estonia","2013","EUROPA",16.497,28825.81,0.881,NA,77.127,13.539
"EST","Estonia","2014","EUROPA",16.27,29634.543,0.879,NA,77.141,13.443
"EST","Estonia","2015","EUROPA",16.121,30363.496,0.883,NA,77.656,13.489
"EST","Estonia","2016","EUROPA",15.953,31297.03,0.884,NA,77.82,13.51
"EST","Estonia","2017","EUROPA",15.814,32990.045,0.886,NA,77.976,13.555
"EST","Estonia","2018","EUROPA",15.752,34233.032,0.89,NA,78.139,13.656
"EST","Estonia","2019","EUROPA",15.74,35472.289,0.893,NA,78.669,13.602
"EST","Estonia","2020","EUROPA",15.775,35481.216,0.891,NA,78.343,13.548
"EST","Estonia","2021","EUROPA",15.943,38027.421,0.89,NA,77.144,13.548
"EST","Estonia","2022","EUROPA",15.943,37151.634,0.899,31,79.155,13.548
"FIN","Finland","2000","EUROPA",17.683,39632.356,0.887,NA,77.671,11.42
"FIN","Finland","2001","EUROPA",17.981,40826.601,0.897,NA,78.142,11.644
"FIN","Finland","2002","EUROPA",18.077,41570.765,0.901,NA,78.27,11.867
"FIN","Finland","2003","EUROPA",18.294,41911.211,0.905,NA,78.533,12.091
"FIN","Finland","2004","EUROPA",17.114,44041.312,0.901,NA,78.846,12.137
"FIN","Finland","2005","EUROPA",17.191,44976.906,0.904,NA,78.971,12.183
"FIN","Finland","2006","EUROPA",17.176,46836.604,0.909,NA,79.373,12.232
"FIN","Finland","2007","EUROPA",17.131,48806.83,0.911,NA,79.391,12.275
"FIN","Finland","2008","EUROPA",17.104,48899.26,0.913,NA,79.695,12.327
"FIN","Finland","2009","EUROPA",16.886,45214.66,0.908,NA,79.831,12.37
"FIN","Finland","2010","EUROPA",17.023,46462.538,0.912,NA,80.012,12.416
"FIN","Finland","2011","EUROPA",17.114,47002.118,0.916,NA,80.391,12.457
"FIN","Finland","2012","EUROPA",17.106,46162.763,0.916,NA,80.501,12.488
"FIN","Finland","2013","EUROPA",19.326,45511.679,0.926,NA,80.883,12.549
"FIN","Finland","2014","EUROPA",19.254,45421.877,0.928,NA,81.013,12.6
"FIN","Finland","2015","EUROPA",19.311,45515.943,0.93,NA,81.418,12.634
"FIN","Finland","2016","EUROPA",19.311,46417.019,0.931,NA,81.291,12.687
"FIN","Finland","2017","EUROPA",19.375,47593.887,0.934,NA,81.498,12.739
"FIN","Finland","2018","EUROPA",19.451,48241.61,0.936,NA,81.627,12.806
"FIN","Finland","2019","EUROPA",19.043,48828.941,0.939,NA,81.871,12.874
"FIN","Finland","2020","EUROPA",19.049,48175.683,0.939,NA,81.866,12.929
"FIN","Finland","2021","EUROPA",19.229,49480.528,0.941,NA,82.038,12.929
"FIN","Finland","2022","EUROPA",19.229,49522.099,0.942,12,82.351,12.929
"FRA","France","2000","EUROPA",14.937,40350.375,0.844,NA,79.047,9.471
"FRA","France","2001","EUROPA",14.852,40941.127,0.847,NA,79.224,9.662
"FRA","France","2002","EUROPA",14.783,40801.581,0.85,NA,79.413,9.854
"FRA","France","2003","EUROPA",14.869,40961,0.853,NA,79.421,10.046
"FRA","France","2004","EUROPA",14.855,41833.874,0.861,NA,80.339,10.238
"FRA","France","2005","EUROPA",15.433,42345.123,0.869,NA,80.339,10.317
"FRA","France","2006","EUROPA",15.418,43199.952,0.873,NA,80.748,10.444
"FRA","France","2007","EUROPA",15.352,43972.272,0.876,NA,80.967,10.57
"FRA","France","2008","EUROPA",15.298,43919.108,0.877,NA,81.049,10.654
"FRA","France","2009","EUROPA",15.272,42495.407,0.875,NA,81.178,10.632
"FRA","France","2010","EUROPA",15.381,43113.32,0.88,NA,81.427,10.779
"FRA","France","2011","EUROPA",15.417,43984.144,0.884,NA,81.813,10.852
"FRA","France","2012","EUROPA",15.489,43709.333,0.885,NA,81.774,10.935
"FRA","France","2013","EUROPA",15.461,43760.654,0.888,NA,82.016,11.081
"FRA","France","2014","EUROPA",15.442,43945.597,0.892,NA,82.476,11.226
"FRA","France","2015","EUROPA",15.514,44282.823,0.893,NA,82.186,11.334
"FRA","France","2016","EUROPA",15.623,44633.572,0.896,NA,82.437,11.351
"FRA","France","2017","EUROPA",15.74,45584.571,0.899,NA,82.473,11.41
"FRA","France","2018","EUROPA",15.844,46291.009,0.903,NA,82.591,11.51
"FRA","France","2019","EUROPA",15.868,46907.185,0.905,NA,82.731,11.61
"FRA","France","2020","EUROPA",15.933,42890.702,0.9,NA,82.21,11.689
"FRA","France","2021","EUROPA",15.988,46321.887,0.906,NA,82.499,11.689
"FRA","France","2022","EUROPA",15.988,47378.743,0.91,28,83.229,11.689
"GBR","United Kingdom","2000","EUROPA",15.996,38952.38,0.863,NA,77.853,10.699
"GBR","United Kingdom","2001","EUROPA",16.033,39741.861,0.869,NA,78.124,10.953
"GBR","United Kingdom","2002","EUROPA",16.126,40516.765,0.874,NA,78.241,11.207
"GBR","United Kingdom","2003","EUROPA",16.108,41584.726,0.879,NA,78.334,11.461
"GBR","United Kingdom","2004","EUROPA",16.555,42188.556,0.889,NA,78.904,11.714
"GBR","United Kingdom","2005","EUROPA",16.613,43108.904,0.895,NA,79.112,11.968
"GBR","United Kingdom","2006","EUROPA",16.033,43109.442,0.894,NA,79.355,12.248
"GBR","United Kingdom","2007","EUROPA",15.903,43647.09,0.897,NA,79.542,12.528
"GBR","United Kingdom","2008","EUROPA",16.054,43069.099,0.902,NA,79.665,12.808
"GBR","United Kingdom","2009","EUROPA",16.221,41006.965,0.907,NA,80.167,13.088
"GBR","United Kingdom","2010","EUROPA",16.459,42040.606,0.913,NA,80.401,13.213
"GBR","United Kingdom","2011","EUROPA",15.78,42314.411,0.909,NA,80.805,13.188
"GBR","United Kingdom","2012","EUROPA",15.698,42068.796,0.91,NA,80.866,13.339
"GBR","United Kingdom","2013","EUROPA",17.668,42187.882,0.923,NA,80.929,12.834
"GBR","United Kingdom","2014","EUROPA",17.502,43207.874,0.924,NA,81.16,12.889
"GBR","United Kingdom","2015","EUROPA",17.308,43714.153,0.923,NA,80.924,12.98
"GBR","United Kingdom","2016","EUROPA",17.36,44249.957,0.926,NA,81.075,13.071
"GBR","United Kingdom","2017","EUROPA",17.412,45607.637,0.929,NA,81.168,13.161
"GBR","United Kingdom","2018","EUROPA",17.151,45972.206,0.928,NA,81.125,13.243
"GBR","United Kingdom","2019","EUROPA",17.179,47066.258,0.933,NA,81.725,13.325
"GBR","United Kingdom","2020","EUROPA",17.168,40799.059,0.92,NA,80.434,13.406
"GBR","United Kingdom","2021","EUROPA",17.634,44750.236,0.931,NA,80.742,13.406
"GBR","United Kingdom","2022","EUROPA",17.634,46623.903,0.94,15,82.156,13.406
"GEO","Georgia","2000","EUROPA",12.59,4956.865,0.694,NA,69.575,11.806
"GEO","Georgia","2001","EUROPA",12.868,5200.733,0.7,NA,69.606,11.862
"GEO","Georgia","2002","EUROPA",13.105,5596.453,0.709,NA,70.024,11.919
"GEO","Georgia","2003","EUROPA",13.322,6270.084,0.719,NA,70.333,11.977
"GEO","Georgia","2004","EUROPA",13.507,6751.491,0.727,NA,70.567,12.035
"GEO","Georgia","2005","EUROPA",13.764,7423.629,0.738,NA,71.13,12.092
"GEO","Georgia","2006","EUROPA",13.507,8243.604,0.744,NA,71.394,12.15
"GEO","Georgia","2007","EUROPA",13.944,9174.359,0.755,NA,71.568,12.208
"GEO","Georgia","2008","EUROPA",13.442,9297.166,0.751,NA,71.332,12.266
"GEO","Georgia","2009","EUROPA",13.875,9037.946,0.756,NA,71.95,12.323
"GEO","Georgia","2010","EUROPA",14.116,9581.98,0.763,NA,72.128,12.381
"GEO","Georgia","2011","EUROPA",14.357,10268.198,0.771,NA,72.39,12.439
"GEO","Georgia","2012","EUROPA",14.598,11196.56,0.779,NA,72.412,12.496
"GEO","Georgia","2013","EUROPA",14.839,11544.515,0.784,NA,72.628,12.557
"GEO","Georgia","2014","EUROPA",15.163,12111.97,0.793,NA,73.099,12.618
"GEO","Georgia","2015","EUROPA",15.394,12334.658,0.798,NA,73.297,12.716
"GEO","Georgia","2016","EUROPA",15.562,12382.401,0.802,NA,73.569,12.815
"GEO","Georgia","2017","EUROPA",15.813,12924.218,0.807,NA,73.57,12.874
"GEO","Georgia","2018","EUROPA",16.009,13697.401,0.816,NA,73.341,13.341
"GEO","Georgia","2019","EUROPA",16.343,14314.323,0.816,NA,73.47,12.822
"GEO","Georgia","2020","EUROPA",16.271,13298.322,0.807,NA,72.765,12.782
"GEO","Georgia","2021","EUROPA",16.581,14489.377,0.809,NA,71.694,12.742
"GEO","Georgia","2022","EUROPA",16.727,15952.025,0.814,60,71.587,12.702
"GRC","Greece","2000","EUROPA",14.749,28951.661,0.818,NA,78.377,9.024
"GRC","Greece","2001","EUROPA",15.112,30078.679,0.827,NA,78.836,9.169
"GRC","Greece","2002","EUROPA",15.758,30946.458,0.838,NA,78.969,9.314
"GRC","Greece","2003","EUROPA",15.877,32612.755,0.844,NA,79.029,9.458
"GRC","Greece","2004","EUROPA",16.249,33944.355,0.852,NA,79.289,9.603
"GRC","Greece","2005","EUROPA",16.979,34612.463,0.864,NA,79.59,9.748
"GRC","Greece","2006","EUROPA",17.115,35857.398,0.872,NA,79.707,10.105
"GRC","Greece","2007","EUROPA",16.537,36669.809,0.866,NA,79.612,10.057
"GRC","Greece","2008","EUROPA",16.752,36306.368,0.871,NA,80.049,10.105
"GRC","Greece","2009","EUROPA",16.968,34916.546,0.873,NA,80.299,10.157
"GRC","Greece","2010","EUROPA",17.183,32958.92,0.874,NA,80.51,10.208
"GRC","Greece","2011","EUROPA",17.316,29495.107,0.871,NA,80.547,10.305
"GRC","Greece","2012","EUROPA",17.464,28553.431,0.87,NA,80.341,10.402
"GRC","Greece","2013","EUROPA",17.524,27809.84,0.874,NA,80.974,10.499
"GRC","Greece","2014","EUROPA",17.87,28309.774,0.879,NA,81.007,10.596
"GRC","Greece","2015","EUROPA",18.172,28237.388,0.881,NA,80.668,10.744
"GRC","Greece","2016","EUROPA",18.475,28101.695,0.877,NA,81.162,10.254
"GRC","Greece","2017","EUROPA",18.864,28461.456,0.88,NA,80.85,10.543
"GRC","Greece","2018","EUROPA",19.195,28822.259,0.886,NA,81.391,10.831
"GRC","Greece","2019","EUROPA",19.664,29457,0.89,NA,81.249,11.12
"GRC","Greece","2020","EUROPA",19.674,26972.582,0.887,NA,80.909,11.409
"GRC","Greece","2021","EUROPA",20.026,29421.5,0.887,NA,80.111,11.409
"GRC","Greece","2022","EUROPA",20.026,31381.667,0.893,33,80.614,11.409
"HRV","Croatia","2000","EUROPA",12.822,18016.281,0.764,NA,74.584,9.621
"HRV","Croatia","2001","EUROPA",13.54,19255.444,0.779,NA,74.644,9.927
"HRV","Croatia","2002","EUROPA",13.663,20435.94,0.785,NA,74.736,10.049
"HRV","Croatia","2003","EUROPA",13.867,21235.234,0.79,NA,74.611,10.171
"HRV","Croatia","2004","EUROPA",14.106,22457.718,0.801,NA,75.502,10.292
"HRV","Croatia","2005","EUROPA",14.344,23233.446,0.806,NA,75.408,10.414
"HRV","Croatia","2006","EUROPA",14.475,24318.38,0.814,NA,75.989,10.536
"HRV","Croatia","2007","EUROPA",14.55,25599.298,0.818,NA,75.86,10.657
"HRV","Croatia","2008","EUROPA",14.495,25848.49,0.821,NA,76.21,10.779
"HRV","Croatia","2009","EUROPA",14.454,23902.574,0.819,NA,76.392,10.901
"HRV","Croatia","2010","EUROPA",14.696,23734.795,0.824,NA,76.805,11.022
"HRV","Croatia","2011","EUROPA",14.818,23847.276,0.829,NA,77.222,11.144
"HRV","Croatia","2012","EUROPA",14.985,23342.234,0.832,NA,77.34,11.27
"HRV","Croatia","2013","EUROPA",15.284,23662.684,0.839,NA,77.843,11.397
"HRV","Croatia","2014","EUROPA",15.358,23763.866,0.842,NA,77.953,11.526
"HRV","Croatia","2015","EUROPA",15.315,25062.69,0.844,NA,77.56,11.656
"HRV","Croatia","2016","EUROPA",15.312,25543.402,0.85,NA,78.231,11.787
"HRV","Croatia","2017","EUROPA",15.405,27146.1,0.855,NA,78.083,11.92
"HRV","Croatia","2018","EUROPA",15.458,28102.101,0.86,NA,78.337,12.055
"HRV","Croatia","2019","EUROPA",15.462,29373.032,0.866,NA,78.738,12.191
"HRV","Croatia","2020","EUROPA",15.486,27623.955,0.86,NA,77.984,12.329
"HRV","Croatia","2021","EUROPA",15.573,32072.96,0.867,NA,77.58,12.329
"HRV","Croatia","2022","EUROPA",15.573,34323.807,0.878,39,79.236,12.329
"HUN","Hungary","2000","EUROPA",14.319,18229.181,0.773,NA,71.758,10.171
"HUN","Hungary","2001","EUROPA",14.664,19017.686,0.782,NA,72.394,10.24
"HUN","Hungary","2002","EUROPA",15.055,20002.388,0.791,NA,72.507,10.388
"HUN","Hungary","2003","EUROPA",15.438,20899.429,0.798,NA,72.514,10.536
"HUN","Hungary","2004","EUROPA",15.18,21877.126,0.802,NA,72.906,10.684
"HUN","Hungary","2005","EUROPA",15.364,22839.378,0.807,NA,72.865,10.832
"HUN","Hungary","2006","EUROPA",15.45,23816.233,0.815,NA,73.344,11.077
"HUN","Hungary","2007","EUROPA",15.459,23552.328,0.818,NA,73.432,11.321
"HUN","Hungary","2008","EUROPA",15.449,24105.053,0.824,NA,73.958,11.566
"HUN","Hungary","2009","EUROPA",15.404,23096.566,0.826,NA,74.179,11.81
"HUN","Hungary","2010","EUROPA",15.486,23309.764,0.829,NA,74.519,11.882
"HUN","Hungary","2011","EUROPA",15.503,23792.588,0.833,NA,74.923,11.921
"HUN","Hungary","2012","EUROPA",15.491,23776.229,0.833,NA,75.181,11.839
"HUN","Hungary","2013","EUROPA",15.83,24600.48,0.843,NA,75.681,12.009
"HUN","Hungary","2014","EUROPA",15.586,25283.392,0.84,NA,75.847,11.773
"HUN","Hungary","2015","EUROPA",15.318,26203.762,0.839,NA,75.652,11.848
"HUN","Hungary","2016","EUROPA",15.15,27446.699,0.843,NA,76.155,11.889
"HUN","Hungary","2017","EUROPA",15.247,28302.773,0.846,NA,76.005,11.979
"HUN","Hungary","2018","EUROPA",15.17,29908.592,0.85,NA,76.204,12.069
"HUN","Hungary","2019","EUROPA",15.03,31789.809,0.854,NA,76.454,12.16
"HUN","Hungary","2020","EUROPA",15.058,30482.806,0.849,NA,75.73,12.25
"HUN","Hungary","2021","EUROPA",15.073,32609.772,0.846,NA,74.53,12.25
"HUN","Hungary","2022","EUROPA",15.073,34195.541,0.851,47,74.958,12.25
"IRL","Ireland","2000","EUROPA",16.43,42575.656,0.851,NA,76.542,9.552
"IRL","Ireland","2001","EUROPA",16.563,43202.748,0.859,NA,77.109,9.809
"IRL","Ireland","2002","EUROPA",16.806,44194.066,0.868,NA,77.6,10.065
"IRL","Ireland","2003","EUROPA",16.982,46045.102,0.877,NA,78.111,10.322
"IRL","Ireland","2004","EUROPA",17.24,48571.806,0.888,NA,78.513,10.578
"IRL","Ireland","2005","EUROPA",17.239,50383.231,0.894,NA,78.916,10.835
"IRL","Ireland","2006","EUROPA",16.971,52113.07,0.898,NA,79.152,11.091
"IRL","Ireland","2007","EUROPA",17.014,52648.843,0.904,NA,79.555,11.348
"IRL","Ireland","2008","EUROPA",17.262,49307.602,0.905,NA,79.763,11.422
"IRL","Ireland","2009","EUROPA",17.037,44773.575,0.9,NA,80.046,11.495
"IRL","Ireland","2010","EUROPA",17.463,45595.162,0.908,NA,80.523,11.569
"IRL","Ireland","2011","EUROPA",17.938,44430.02,0.906,NA,80.633,11
"IRL","Ireland","2012","EUROPA",17.956,43866.517,0.907,NA,80.752,11.072
"IRL","Ireland","2013","EUROPA",18.07,45949.938,0.911,NA,80.968,11.145
"IRL","Ireland","2014","EUROPA",18.183,49662.6,0.918,NA,81.307,11.217
"IRL","Ireland","2015","EUROPA",18.709,55036.926,0.924,NA,81.416,11.289
"IRL","Ireland","2016","EUROPA",18.793,58828.868,0.929,NA,81.55,11.362
"IRL","Ireland","2017","EUROPA",18.705,62004.387,0.934,NA,81.917,11.434
"IRL","Ireland","2018","EUROPA",19.756,64966.045,0.938,NA,82.086,11.508
"IRL","Ireland","2019","EUROPA",18.945,67651.59,0.942,NA,82.259,11.582
"IRL","Ireland","2020","EUROPA",18.84,69108.812,0.945,NA,82.47,11.657
"IRL","Ireland","2021","EUROPA",19.126,78952.571,0.946,NA,81.998,11.657
"IRL","Ireland","2022","EUROPA",19.126,87467.514,0.95,7,82.716,11.657
"ISL","Iceland","2000","EUROPA",17.024,38780.135,0.895,NA,79.891,11.741
"ISL","Iceland","2001","EUROPA",17.05,39800.577,0.902,NA,80.704,11.887
"ISL","Iceland","2002","EUROPA",17.56,40789.086,0.909,NA,80.543,12.034
"ISL","Iceland","2003","EUROPA",18.244,40843.174,0.916,NA,80.776,12.181
"ISL","Iceland","2004","EUROPA",17.929,42455.992,0.92,NA,80.979,12.327
"ISL","Iceland","2005","EUROPA",18.142,44540.583,0.926,NA,81.242,12.474
"ISL","Iceland","2006","EUROPA",18.129,45274.613,0.928,NA,81.239,12.563
"ISL","Iceland","2007","EUROPA",17.971,48591.506,0.933,NA,81.351,12.653
"ISL","Iceland","2008","EUROPA",18.005,41671.324,0.927,NA,81.388,12.742
"ISL","Iceland","2009","EUROPA",17.984,39309.892,0.925,NA,81.556,12.832
"ISL","Iceland","2010","EUROPA",18.523,38786.143,0.927,NA,81.7,12.922
"ISL","Iceland","2011","EUROPA",18.745,41057.354,0.933,NA,82.178,13.011
"ISL","Iceland","2012","EUROPA",19.18,42628.494,0.938,NA,82.556,13.101
"ISL","Iceland","2013","EUROPA",19.761,48035.514,0.942,NA,81.929,13.19
"ISL","Iceland","2014","EUROPA",19.71,48035.398,0.946,NA,82.613,13.28
"ISL","Iceland","2015","EUROPA",19.353,50197.423,0.948,NA,82.351,13.369
"ISL","Iceland","2016","EUROPA",19.067,53753.702,0.951,NA,82.03,13.459
"ISL","Iceland","2017","EUROPA",18.74,53923.222,0.955,NA,82.535,13.548
"ISL","Iceland","2018","EUROPA",18.5,55715.931,0.958,NA,82.77,13.638
"ISL","Iceland","2019","EUROPA",18.235,56452.941,0.958,NA,82.404,13.727
"ISL","Iceland","2020","EUROPA",18.24,51984.13,0.955,NA,82.576,13.767
"ISL","Iceland","2021","EUROPA",19.107,52671.007,0.957,NA,82.678,13.767
"ISL","Iceland","2022","EUROPA",19.107,54688.379,0.959,3,82.815,13.767
"ITA","Italy","2000","EUROPA",15.082,42888.162,0.842,NA,79.607,8.755
"ITA","Italy","2001","EUROPA",15.409,43733.282,0.849,NA,79.886,8.841
"ITA","Italy","2002","EUROPA",15.648,43716.554,0.854,NA,80.114,8.949
"ITA","Italy","2003","EUROPA",15.912,43566.656,0.858,NA,80.193,9.056
"ITA","Italy","2004","EUROPA",16.064,44043.317,0.866,NA,81.02,9.164
"ITA","Italy","2005","EUROPA",16.191,44329.463,0.869,NA,81.023,9.272
"ITA","Italy","2006","EUROPA",16.314,45094.334,0.874,NA,81.417,9.389
"ITA","Italy","2007","EUROPA",16.387,45390.372,0.878,NA,81.503,9.531
"ITA","Italy","2008","EUROPA",16.352,44218.282,0.878,NA,81.647,9.65
"ITA","Italy","2009","EUROPA",16.282,42047.286,0.877,NA,81.763,9.732
"ITA","Italy","2010","EUROPA",16.234,42573.454,0.88,NA,82.137,9.823
"ITA","Italy","2011","EUROPA",16.39,42784.222,0.883,NA,82.235,9.898
"ITA","Italy","2012","EUROPA",16.171,41450.834,0.881,NA,82.259,10.024
"ITA","Italy","2013","EUROPA",15.98,40198.239,0.88,NA,82.66,10.123
"ITA","Italy","2014","EUROPA",15.964,39901.022,0.882,NA,82.908,10.222
"ITA","Italy","2015","EUROPA",15.954,39968.617,0.881,NA,82.525,10.306
"ITA","Italy","2016","EUROPA",15.953,40954.973,0.886,NA,83.049,10.393
"ITA","Italy","2017","EUROPA",16.149,41812.974,0.889,NA,82.728,10.48
"ITA","Italy","2018","EUROPA",16.288,42510.729,0.894,NA,83.185,10.566
"ITA","Italy","2019","EUROPA",16.38,43102.264,0.899,NA,83.552,10.653
"ITA","Italy","2020","EUROPA",16.531,39586.545,0.892,NA,82.395,10.74
"ITA","Italy","2021","EUROPA",16.658,42855.852,0.899,NA,82.85,10.74
"ITA","Italy","2022","EUROPA",16.658,44284.157,0.906,30,84.057,10.74
"KAZ","Kazakhstan","2000","EUROPA",12.238,9993.544,0.68,NA,64.178,9.783
"KAZ","Kazakhstan","2001","EUROPA",12.639,11521.959,0.695,NA,64.368,10.03
"KAZ","Kazakhstan","2002","EUROPA",13.041,12765.078,0.706,NA,64.269,10.278
"KAZ","Kazakhstan","2003","EUROPA",13.442,13734.711,0.717,NA,64.554,10.526
"KAZ","Kazakhstan","2004","EUROPA",13.844,14758.682,0.729,NA,64.857,10.773
"KAZ","Kazakhstan","2005","EUROPA",14.246,15396.172,0.739,NA,65.117,11.021
"KAZ","Kazakhstan","2006","EUROPA",14.647,16317.191,0.75,NA,65.627,11.268
"KAZ","Kazakhstan","2007","EUROPA",14.608,17274.634,0.757,NA,65.928,11.516
"KAZ","Kazakhstan","2008","EUROPA",14.57,16779.208,0.757,NA,66.702,11.265
"KAZ","Kazakhstan","2009","EUROPA",14.531,17769.165,0.76,NA,67.279,11.013
"KAZ","Kazakhstan","2010","EUROPA",14.492,17976.274,0.766,NA,68.116,11.177
"KAZ","Kazakhstan","2011","EUROPA",14.701,18264.097,0.774,NA,68.745,11.342
"KAZ","Kazakhstan","2012","EUROPA",14.786,19217.179,0.781,NA,69.129,11.506
"KAZ","Kazakhstan","2013","EUROPA",14.574,21068.974,0.789,NA,69.814,11.67
"KAZ","Kazakhstan","2014","EUROPA",14.395,21752.924,0.794,NA,70.333,11.834
"KAZ","Kazakhstan","2015","EUROPA",14.199,23136.888,0.799,NA,70.727,11.998
"KAZ","Kazakhstan","2016","EUROPA",14.106,22005.084,0.797,NA,70.898,12.069
"KAZ","Kazakhstan","2017","EUROPA",14.216,22157.871,0.802,NA,71.396,12.139
"KAZ","Kazakhstan","2018","EUROPA",14.351,22171.838,0.804,NA,71.472,12.21
"KAZ","Kazakhstan","2019","EUROPA",14.582,22786.553,0.81,NA,71.567,12.321
"KAZ","Kazakhstan","2020","EUROPA",14.816,23303.726,0.806,NA,70.03,12.433
"KAZ","Kazakhstan","2021","EUROPA",14.816,22601.718,0.801,NA,69.362,12.433
"KAZ","Kazakhstan","2022","EUROPA",14.816,22586.799,0.802,67,69.489,12.433
"LIE","Liechtenstein","2000","EUROPA",13.791,124684.144,0.871,NA,76.98,11.147
"LIE","Liechtenstein","2001","EUROPA",13.94,112370.251,0.887,NA,79.479,11.238
"LIE","Liechtenstein","2002","EUROPA",14.09,108148.623,0.891,NA,79.853,11.329
"LIE","Liechtenstein","2003","EUROPA",14.241,101882.473,0.896,NA,80.179,11.42
"LIE","Liechtenstein","2004","EUROPA",14.656,100632.781,0.91,NA,82,11.511
"LIE","Liechtenstein","2005","EUROPA",14.277,107986.847,0.902,NA,80.823,11.602
"LIE","Liechtenstein","2006","EUROPA",14.644,119723.684,0.907,NA,81.16,11.588
"LIE","Liechtenstein","2007","EUROPA",14.693,132691.428,0.909,NA,81.503,11.574
"LIE","Liechtenstein","2008","EUROPA",15.009,128718.761,0.918,NA,82.885,11.51
"LIE","Liechtenstein","2009","EUROPA",14.851,109184.109,0.913,NA,81.68,11.717
"LIE","Liechtenstein","2010","EUROPA",14.859,114321.838,0.916,NA,81.999,11.758
"LIE","Liechtenstein","2011","EUROPA",15.198,101949.076,0.919,NA,81.933,11.754
"LIE","Liechtenstein","2012","EUROPA",15.132,90289.262,0.921,NA,82.498,11.795
"LIE","Liechtenstein","2013","EUROPA",15.114,102356.754,0.921,NA,82.425,11.831
"LIE","Liechtenstein","2014","EUROPA",15.096,105584.963,0.923,NA,82.219,12.059
"LIE","Liechtenstein","2015","EUROPA",15.032,107019.833,0.926,NA,82.806,12.122
"LIE","Liechtenstein","2016","EUROPA",15.083,126757.284,0.925,NA,82.393,12.159
"LIE","Liechtenstein","2017","EUROPA",15.186,140996.208,0.934,NA,83.892,12.204
"LIE","Liechtenstein","2018","EUROPA",14.936,141109.909,0.928,NA,83.146,12.253
"LIE","Liechtenstein","2019","EUROPA",15.451,141141.586,0.94,NA,84.309,12.302
"LIE","Liechtenstein","2020","EUROPA",15.459,138481.371,0.933,NA,82.797,12.351
"LIE","Liechtenstein","2021","EUROPA",15.466,144002.988,0.936,NA,83.257,12.351
"LIE","Liechtenstein","2022","EUROPA",15.466,146673.242,0.942,12,84.656,12.351
"LTU","Lithuania","2000","EUROPA",14.499,13407.538,0.769,NA,72.089,10.952
"LTU","Lithuania","2001","EUROPA",15.09,14506.491,0.779,NA,71.79,11.136
"LTU","Lithuania","2002","EUROPA",15.631,15727.753,0.791,NA,71.801,11.321
"LTU","Lithuania","2003","EUROPA",16.212,17367.55,0.805,NA,72.144,11.505
"LTU","Lithuania","2004","EUROPA",16.392,18789.591,0.813,NA,72.228,11.689
"LTU","Lithuania","2005","EUROPA",16.777,20713.777,0.821,NA,71.742,11.874
"LTU","Lithuania","2006","EUROPA",17.099,22534.086,0.828,NA,71.577,12.015
"LTU","Lithuania","2007","EUROPA",17.082,24858.623,0.835,NA,71.537,12.159
"LTU","Lithuania","2008","EUROPA",17.098,25953.812,0.843,NA,72.417,12.299
"LTU","Lithuania","2009","EUROPA",17.188,23588.406,0.843,NA,73.177,12.323
"LTU","Lithuania","2010","EUROPA",17.123,23798.504,0.846,NA,73.424,12.458
"LTU","Lithuania","2011","EUROPA",17.161,25229.944,0.853,NA,73.926,12.574
"LTU","Lithuania","2012","EUROPA",16.951,26503.68,0.855,NA,74.203,12.564
"LTU","Lithuania","2013","EUROPA",16.856,27982.967,0.858,NA,74.312,12.588
"LTU","Lithuania","2014","EUROPA",16.7,29521.774,0.864,NA,74.843,12.802
"LTU","Lithuania","2015","EUROPA",16.67,29651.687,0.865,NA,74.61,12.955
"LTU","Lithuania","2016","EUROPA",16.717,30788.287,0.87,NA,74.882,13.105
"LTU","Lithuania","2017","EUROPA",16.85,32541.165,0.878,NA,75.44,13.188
"LTU","Lithuania","2018","EUROPA",16.777,34362,0.882,NA,75.677,13.292
"LTU","Lithuania","2019","EUROPA",16.483,35897.098,0.886,NA,76.212,13.395
"LTU","Lithuania","2020","EUROPA",16.372,36103.01,0.88,NA,75.068,13.498
"LTU","Lithuania","2021","EUROPA",16.4,37854.468,0.875,NA,73.72,13.498
"LTU","Lithuania","2022","EUROPA",16.4,38131.236,0.879,37,74.293,13.498
"LUX","Luxembourg","2000","EUROPA",13.415,94964.109,0.864,NA,77.811,10.56
"LUX","Luxembourg","2001","EUROPA",13.301,99649.604,0.867,NA,78.161,10.735
"LUX","Luxembourg","2002","EUROPA",13.433,91304.671,0.872,NA,78.361,10.999
"LUX","Luxembourg","2003","EUROPA",13.418,84012.165,0.873,NA,77.768,11.263
"LUX","Luxembourg","2004","EUROPA",13.354,99738.931,0.881,NA,79.22,11.353
"LUX","Luxembourg","2005","EUROPA",13.289,101427.573,0.882,NA,79.401,11.444
"LUX","Luxembourg","2006","EUROPA",13.225,91790.125,0.882,NA,79.415,11.535
"LUX","Luxembourg","2007","EUROPA",13.282,109543.075,0.885,NA,79.477,11.626
"LUX","Luxembourg","2008","EUROPA",13.339,103885.713,0.898,NA,80.472,12.218
"LUX","Luxembourg","2009","EUROPA",13.604,74223.999,0.908,NA,80.613,12.809
"LUX","Luxembourg","2010","EUROPA",13.869,78714.406,0.912,NA,80.573,12.835
"LUX","Luxembourg","2011","EUROPA",13.925,79002.474,0.913,NA,80.766,12.855
"LUX","Luxembourg","2012","EUROPA",13.98,86227.905,0.917,NA,80.982,13.001
"LUX","Luxembourg","2013","EUROPA",14.025,81159.958,0.922,NA,81.366,13.205
"LUX","Luxembourg","2014","EUROPA",14.07,81842.656,0.927,NA,81.734,13.425
"LUX","Luxembourg","2015","EUROPA",14.115,72288.536,0.914,NA,81.838,12.457
"LUX","Luxembourg","2016","EUROPA",14.167,77202.312,0.922,NA,82.053,12.844
"LUX","Luxembourg","2017","EUROPA",14.102,82296.951,0.918,NA,81.734,12.653
"LUX","Luxembourg","2018","EUROPA",14.145,81479.274,0.921,NA,81.803,12.825
"LUX","Luxembourg","2019","EUROPA",14.188,77422.853,0.925,NA,82.143,13.015
"LUX","Luxembourg","2020","EUROPA",14.199,76503.965,0.921,NA,81.433,12.96
"LUX","Luxembourg","2021","EUROPA",14.197,78650.588,0.927,NA,82.629,12.96
"LUX","Luxembourg","2022","EUROPA",14.197,78554.236,0.927,20,82.591,12.96
"LVA","Latvia","2000","EUROPA",14.192,12975.123,0.761,NA,70.252,11.472
"LVA","Latvia","2001","EUROPA",14.88,14032.525,0.772,NA,70.07,11.636
"LVA","Latvia","2002","EUROPA",15.359,15183.275,0.784,NA,70.351,11.801
"LVA","Latvia","2003","EUROPA",15.721,16517.177,0.795,NA,70.624,11.966
"LVA","Latvia","2004","EUROPA",16.108,17802.923,0.805,NA,70.925,12.131
"LVA","Latvia","2005","EUROPA",16.405,20129.361,0.815,NA,70.778,12.25
"LVA","Latvia","2006","EUROPA",16.429,22419.297,0.821,NA,70.877,12.297
"LVA","Latvia","2007","EUROPA",16.327,24708.201,0.825,NA,71.057,12.171
"LVA","Latvia","2008","EUROPA",16.322,24584.592,0.832,NA,72.036,12.351
"LVA","Latvia","2009","EUROPA",15.938,23219.158,0.831,NA,72.754,12.456
"LVA","Latvia","2010","EUROPA",15.81,21386.416,0.827,NA,72.954,12.565
"LVA","Latvia","2011","EUROPA",15.796,22094.594,0.833,NA,73.693,12.606
"LVA","Latvia","2012","EUROPA",15.628,23804.048,0.837,NA,73.745,12.704
"LVA","Latvia","2013","EUROPA",16.08,24660.775,0.846,NA,74.183,12.809
"LVA","Latvia","2014","EUROPA",16.072,25457.255,0.85,NA,74.432,12.857
"LVA","Latvia","2015","EUROPA",16.094,26505.449,0.853,NA,74.685,12.87
"LVA","Latvia","2016","EUROPA",16.262,27470.882,0.858,NA,74.754,12.935
"LVA","Latvia","2017","EUROPA",16.474,28601.628,0.863,NA,74.805,13.059
"LVA","Latvia","2018","EUROPA",16.561,29559.86,0.868,NA,75.001,13.183
"LVA","Latvia","2019","EUROPA",16.542,30569.806,0.873,NA,75.534,13.253
"LVA","Latvia","2020","EUROPA",16.49,30562.463,0.873,NA,75.453,13.333
"LVA","Latvia","2021","EUROPA",16.556,31442.7,0.865,NA,73.579,13.333
"LVA","Latvia","2022","EUROPA",16.556,32082.981,0.879,37,75.927,13.333
"MCO","Monaco","2000","EUROPA",17.964,NA,NA,NA,81.566,NA
"MCO","Monaco","2001","EUROPA",18,NA,NA,NA,82.054,NA
"MCO","Monaco","2002","EUROPA",18.037,NA,NA,NA,82.507,NA
"MCO","Monaco","2003","EUROPA",18.073,NA,NA,NA,83.286,NA
"MCO","Monaco","2004","EUROPA",18.109,NA,NA,NA,84.229,NA
"MCO","Monaco","2005","EUROPA",18.146,NA,NA,NA,84.808,NA
"MCO","Monaco","2006","EUROPA",18.182,NA,NA,NA,84.635,NA
"MCO","Monaco","2007","EUROPA",18.218,NA,NA,NA,83.92,NA
"MCO","Monaco","2008","EUROPA",18.255,NA,NA,NA,83.192,NA
"MCO","Monaco","2009","EUROPA",18.291,NA,NA,NA,84.208,NA
"MCO","Monaco","2010","EUROPA",18.327,NA,NA,NA,84.63,NA
"MCO","Monaco","2011","EUROPA",18.363,NA,NA,NA,85.603,NA
"MCO","Monaco","2012","EUROPA",18.4,NA,NA,NA,84.529,NA
"MCO","Monaco","2013","EUROPA",18.436,NA,NA,NA,84.866,NA
"MCO","Monaco","2014","EUROPA",18.472,NA,NA,NA,84.88,NA
"MCO","Monaco","2015","EUROPA",18.509,NA,NA,NA,85.258,NA
"MCO","Monaco","2016","EUROPA",18.545,NA,NA,NA,85.723,NA
"MCO","Monaco","2017","EUROPA",18.582,NA,NA,NA,85.653,NA
"MCO","Monaco","2018","EUROPA",18.618,NA,NA,NA,86.464,NA
"MCO","Monaco","2019","EUROPA",18.655,NA,NA,NA,86.542,NA
"MCO","Monaco","2020","EUROPA",18.692,NA,NA,NA,86.538,NA
"MCO","Monaco","2021","EUROPA",18.692,NA,NA,NA,85.946,NA
"MCO","Monaco","2022","EUROPA",18.692,NA,NA,NA,86.895,NA
"MDA","Moldova (Republic of)","2000","EUROPA",11.398,5234.577,0.655,NA,66.417,10.274
"MDA","Moldova (Republic of)","2001","EUROPA",11.328,5695.23,0.662,NA,66.787,10.378
"MDA","Moldova (Republic of)","2002","EUROPA",11.544,6284.208,0.671,NA,66.938,10.482
"MDA","Moldova (Republic of)","2003","EUROPA",11.737,6821.161,0.681,NA,67.419,10.585
"MDA","Moldova (Republic of)","2004","EUROPA",11.933,7459.797,0.691,NA,67.861,10.689
"MDA","Moldova (Republic of)","2005","EUROPA",11.991,8016.722,0.698,NA,68.169,10.793
"MDA","Moldova (Republic of)","2006","EUROPA",12.175,8302.753,0.706,NA,68.479,11.039
"MDA","Moldova (Republic of)","2007","EUROPA",12.14,8404.98,0.711,NA,68.947,11.285
"MDA","Moldova (Republic of)","2008","EUROPA",12.066,9097.218,0.718,NA,69.394,11.382
"MDA","Moldova (Republic of)","2009","EUROPA",11.928,8271.048,0.713,NA,69.573,11.477
"MDA","Moldova (Republic of)","2010","EUROPA",11.84,9022.111,0.716,NA,69.357,11.489
"MDA","Moldova (Republic of)","2011","EUROPA",11.85,9527.408,0.719,NA,69.192,11.556
"MDA","Moldova (Republic of)","2012","EUROPA",11.84,9694.758,0.722,NA,69.143,11.703
"MDA","Moldova (Republic of)","2013","EUROPA",11.868,10580.406,0.726,NA,69.099,11.692
"MDA","Moldova (Republic of)","2014","EUROPA",14.097,11053.905,0.749,NA,69.031,11.761
"MDA","Moldova (Republic of)","2015","EUROPA",14.061,10807.279,0.749,NA,69.24,11.765
"MDA","Moldova (Republic of)","2016","EUROPA",14.079,11438.707,0.755,NA,69.917,11.792
"MDA","Moldova (Republic of)","2017","EUROPA",14.292,12133.429,0.764,NA,70.516,11.819
"MDA","Moldova (Republic of)","2018","EUROPA",14.388,12720.153,0.767,NA,70.492,11.846
"MDA","Moldova (Republic of)","2019","EUROPA",14.473,13450.201,0.773,NA,70.935,11.822
"MDA","Moldova (Republic of)","2020","EUROPA",14.54,12262.793,0.765,NA,70.166,11.834
"MDA","Moldova (Republic of)","2021","EUROPA",14.77,13872.063,0.767,NA,68.846,11.834
"MDA","Moldova (Republic of)","2022","EUROPA",14.906,12963.618,0.763,86,68.621,11.834
"MKD","North Macedonia","2000","EUROPA",11.621,10065.565,0.676,NA,72.857,6.681
"MKD","North Macedonia","2001","EUROPA",11.71,9823.249,0.681,NA,73.233,6.902
"MKD","North Macedonia","2002","EUROPA",11.707,10002.876,0.684,NA,73.146,7.124
"MKD","North Macedonia","2003","EUROPA",11.686,10184.384,0.69,NA,73.386,7.409
"MKD","North Macedonia","2004","EUROPA",11.652,10692.705,0.697,NA,73.782,7.694
"MKD","North Macedonia","2005","EUROPA",11.763,11047.006,0.704,NA,73.745,7.979
"MKD","North Macedonia","2006","EUROPA",11.818,11754.296,0.712,NA,73.999,8.264
"MKD","North Macedonia","2007","EUROPA",11.874,11959.601,0.717,NA,73.904,8.549
"MKD","North Macedonia","2008","EUROPA",12.675,13054.474,0.736,NA,74.533,8.834
"MKD","North Macedonia","2009","EUROPA",12.582,13046.294,0.74,NA,74.719,9.119
"MKD","North Macedonia","2010","EUROPA",12.521,13364.565,0.746,NA,75.119,9.405
"MKD","North Macedonia","2011","EUROPA",12.596,13606.41,0.751,NA,75.187,9.69
"MKD","North Macedonia","2012","EUROPA",12.671,13472.162,0.755,NA,75.14,9.975
"MKD","North Macedonia","2013","EUROPA",12.673,13813.877,0.763,NA,75.866,10.26
"MKD","North Macedonia","2014","EUROPA",12.663,14359.507,0.769,NA,75.935,10.545
"MKD","North Macedonia","2015","EUROPA",12.972,14686.772,0.777,NA,75.981,10.83
"MKD","North Macedonia","2016","EUROPA",13.077,14934.71,0.782,NA,76.03,11.115
"MKD","North Macedonia","2017","EUROPA",13.181,15084.655,0.789,NA,76.477,11.4
"MKD","North Macedonia","2018","EUROPA",13.046,15457.228,0.796,NA,77.314,11.685
"MKD","North Macedonia","2019","EUROPA",12.824,15981.281,0.787,NA,77.293,10.957
"MKD","North Macedonia","2020","EUROPA",12.812,15174.494,0.766,NA,75.168,10.228
"MKD","North Macedonia","2021","EUROPA",13.005,15961.201,0.764,NA,73.841,10.228
"MKD","North Macedonia","2022","EUROPA",13.005,16395.752,0.765,83,73.888,10.228
"MLT","Malta","2000","EUROPA",14.054,25126.46,0.779,NA,77.58,7.472
"MLT","Malta","2001","EUROPA",14.059,25611.862,0.793,NA,79.015,7.935
"MLT","Malta","2002","EUROPA",14.017,26461.028,0.798,NA,78.467,8.397
"MLT","Malta","2003","EUROPA",14.373,28153.52,0.812,NA,78.763,8.86
"MLT","Malta","2004","EUROPA",14.936,28128.231,0.826,NA,79.194,9.322
"MLT","Malta","2005","EUROPA",14.934,28280.55,0.834,NA,79.647,9.785
"MLT","Malta","2006","EUROPA",14.631,28558.291,0.832,NA,79.779,9.822
"MLT","Malta","2007","EUROPA",14.992,29539.646,0.84,NA,80.088,9.859
"MLT","Malta","2008","EUROPA",14.896,31523.899,0.844,NA,80.094,10.009
"MLT","Malta","2009","EUROPA",15.227,29809.063,0.849,NA,80.676,10.158
"MLT","Malta","2010","EUROPA",15.558,31331.383,0.862,NA,81.813,10.308
"MLT","Malta","2011","EUROPA",15.052,32246.45,0.857,NA,81.147,10.473
"MLT","Malta","2012","EUROPA",15.266,32505.881,0.865,NA,81.391,10.797
"MLT","Malta","2013","EUROPA",15.396,33706.941,0.874,NA,82.015,11.028
"MLT","Malta","2014","EUROPA",15.415,35450.209,0.881,NA,82.736,11.126
"MLT","Malta","2015","EUROPA",15.491,37766.59,0.887,NA,82.962,11.214
"MLT","Malta","2016","EUROPA",15.456,36405.495,0.887,NA,83.111,11.288
"MLT","Malta","2017","EUROPA",15.519,39159.53,0.896,NA,83.587,11.564
"MLT","Malta","2018","EUROPA",15.706,41391.925,0.903,NA,83.345,11.841
"MLT","Malta","2019","EUROPA",15.627,42083.717,0.905,NA,83.207,12.025
"MLT","Malta","2020","EUROPA",15.55,37010.118,0.901,NA,83.355,12.21
"MLT","Malta","2021","EUROPA",15.861,42197.349,0.912,NA,83.777,12.21
"MLT","Malta","2022","EUROPA",15.861,44464.031,0.915,25,83.704,12.21
"MNE","Montenegro","2000","EUROPA",10.781,12778.093,NA,NA,73.979,NA
"MNE","Montenegro","2001","EUROPA",11.163,12916.991,NA,NA,74.233,NA
"MNE","Montenegro","2002","EUROPA",11.559,13243.878,NA,NA,74.043,NA
"MNE","Montenegro","2003","EUROPA",11.969,13610.723,0.749,NA,74.075,10.445
"MNE","Montenegro","2004","EUROPA",12.257,14120.517,0.758,NA,74.695,10.55
"MNE","Montenegro","2005","EUROPA",12.663,14135.221,0.761,NA,74.262,10.655
"MNE","Montenegro","2006","EUROPA",13.179,15440.48,0.771,NA,74.049,10.76
"MNE","Montenegro","2007","EUROPA",13.733,16410.735,0.783,NA,74.525,10.864
"MNE","Montenegro","2008","EUROPA",14.247,17615.523,0.797,NA,75.305,10.969
"MNE","Montenegro","2009","EUROPA",14.614,16356.399,0.798,NA,75.269,11.074
"MNE","Montenegro","2010","EUROPA",14.819,16626.079,0.806,NA,76.139,11.179
"MNE","Montenegro","2011","EUROPA",15.019,17401.971,0.811,NA,76.068,11.284
"MNE","Montenegro","2012","EUROPA",15.053,17055.898,0.813,NA,76.327,11.431
"MNE","Montenegro","2013","EUROPA",15.133,17697.431,0.819,NA,76.609,11.577
"MNE","Montenegro","2014","EUROPA",15.214,17886.095,0.822,NA,76.746,11.724
"MNE","Montenegro","2015","EUROPA",15.294,18645.983,0.827,NA,76.756,11.87
"MNE","Montenegro","2016","EUROPA",14.897,18946.67,0.826,NA,76.746,12.017
"MNE","Montenegro","2017","EUROPA",15.08,20086.534,0.833,NA,76.939,12.164
"MNE","Montenegro","2018","EUROPA",15.109,20923.543,0.838,NA,77.159,12.31
"MNE","Montenegro","2019","EUROPA",15.064,21767.126,0.841,NA,77.04,12.462
"MNE","Montenegro","2020","EUROPA",15.203,18548.478,0.832,NA,76.257,12.616
"MNE","Montenegro","2021","EUROPA",15.251,21142.489,0.84,NA,76.343,12.616
"MNE","Montenegro","2022","EUROPA",15.085,22513.263,0.844,50,76.845,12.616
"NLD","Netherlands","2000","EUROPA",16.54,47137.945,0.892,NA,78.122,11.785
"NLD","Netherlands","2001","EUROPA",16.602,46910.941,0.893,NA,78.33,11.785
"NLD","Netherlands","2002","EUROPA",16.261,46587.065,0.89,NA,78.405,11.785
"NLD","Netherlands","2003","EUROPA",16.362,47164.691,0.893,NA,78.657,11.785
"NLD","Netherlands","2004","EUROPA",16.299,47860.087,0.896,NA,79.231,11.785
"NLD","Netherlands","2005","EUROPA",16.433,48605.6,0.899,NA,79.48,11.788
"NLD","Netherlands","2006","EUROPA",16.552,50729.214,0.905,NA,79.838,11.889
"NLD","Netherlands","2007","EUROPA",16.686,52315.244,0.911,NA,80.245,11.99
"NLD","Netherlands","2008","EUROPA",16.803,51224.243,0.911,NA,80.377,11.908
"NLD","Netherlands","2009","EUROPA",16.846,49636.747,0.912,NA,80.66,11.939
"NLD","Netherlands","2010","EUROPA",17.015,51571.063,0.917,NA,80.819,11.983
"NLD","Netherlands","2011","EUROPA",17.882,52419.186,0.927,NA,81.1,11.958
"NLD","Netherlands","2012","EUROPA",17.941,51285.416,0.927,NA,81.049,12.022
"NLD","Netherlands","2013","EUROPA",18.05,51273.408,0.929,NA,81.292,12.066
"NLD","Netherlands","2014","EUROPA",18.16,51664.464,0.931,NA,81.642,12.094
"NLD","Netherlands","2015","EUROPA",18.269,52434.717,0.932,NA,81.482,12.135
"NLD","Netherlands","2016","EUROPA",18.138,52540.373,0.933,NA,81.547,12.184
"NLD","Netherlands","2017","EUROPA",18.404,54455.464,0.936,NA,81.729,12.254
"NLD","Netherlands","2018","EUROPA",18.334,55850.182,0.939,NA,81.774,12.323
"NLD","Netherlands","2019","EUROPA",18.373,55628.176,0.941,NA,82.046,12.452
"NLD","Netherlands","2020","EUROPA",18.413,52499.901,0.938,NA,81.638,12.582
"NLD","Netherlands","2021","EUROPA",18.583,55354.904,0.941,NA,81.687,12.582
"NLD","Netherlands","2022","EUROPA",18.583,57278.31,0.946,10,82.451,12.582
"NOR","Norway","2000","EUROPA",17.427,56763.625,0.914,NA,78.692,11.927
"NOR","Norway","2001","EUROPA",17.031,58427.016,0.913,NA,78.896,12.002
"NOR","Norway","2002","EUROPA",17.091,59032.312,0.915,NA,78.96,12.077
"NOR","Norway","2003","EUROPA",17.422,59398.653,0.923,NA,79.529,12.152
"NOR","Norway","2004","EUROPA",17.559,61216.448,0.929,NA,79.965,12.227
"NOR","Norway","2005","EUROPA",17.437,62999.794,0.93,NA,80.17,12.282
"NOR","Norway","2006","EUROPA",17.531,63394.066,0.934,NA,80.441,12.366
"NOR","Norway","2007","EUROPA",17.543,64317.599,0.936,NA,80.503,12.409
"NOR","Norway","2008","EUROPA",17.379,63719.017,0.935,NA,80.678,12.482
"NOR","Norway","2009","EUROPA",17.356,62352.044,0.935,NA,80.867,12.503
"NOR","Norway","2010","EUROPA",17.528,62398.224,0.938,NA,81.04,12.55
"NOR","Norway","2011","EUROPA",17.523,62216.958,0.94,NA,81.243,12.606
"NOR","Norway","2012","EUROPA",17.455,63005.258,0.941,NA,81.444,12.642
"NOR","Norway","2013","EUROPA",17.656,63023.976,0.945,NA,81.667,12.678
"NOR","Norway","2014","EUROPA",17.684,64951.073,0.949,NA,82.086,12.714
"NOR","Norway","2015","EUROPA",17.78,66031.134,0.952,NA,82.272,12.771
"NOR","Norway","2016","EUROPA",17.951,66256.565,0.956,NA,82.415,12.819
"NOR","Norway","2017","EUROPA",18.06,66942.347,0.959,NA,82.624,12.947
"NOR","Norway","2018","EUROPA",18.145,67394.012,0.96,NA,82.76,12.975
"NOR","Norway","2019","EUROPA",18.235,66977.374,0.961,NA,82.955,13.004
"NOR","Norway","2020","EUROPA",18.311,66258.166,0.963,NA,83.195,13.062
"NOR","Norway","2021","EUROPA",18.638,67596.614,0.964,NA,83.234,13.062
"NOR","Norway","2022","EUROPA",18.638,69189.762,0.966,2,83.393,13.062
"POL","Poland","2000","EUROPA",14.895,16114.735,0.794,NA,73.734,11.247
"POL","Poland","2001","EUROPA",15.261,16338.07,0.802,NA,74.219,11.35
"POL","Poland","2002","EUROPA",15.622,16675.924,0.809,NA,74.583,11.454
"POL","Poland","2003","EUROPA",15.808,17165.28,0.814,NA,74.738,11.573
"POL","Poland","2004","EUROPA",15.179,17639.503,0.812,NA,74.972,11.692
"POL","Poland","2005","EUROPA",15.376,18480.858,0.819,NA,75.094,11.811
"POL","Poland","2006","EUROPA",15.38,19507.407,0.824,NA,75.284,11.93
"POL","Poland","2007","EUROPA",15.383,20717.947,0.828,NA,75.339,12.049
"POL","Poland","2008","EUROPA",15.381,21880.014,0.834,NA,75.584,12.168
"POL","Poland","2009","EUROPA",15.419,22247.774,0.838,NA,75.781,12.341
"POL","Poland","2010","EUROPA",15.769,22919.629,0.845,NA,76.317,12.314
"POL","Poland","2011","EUROPA",15.661,24013.163,0.851,NA,76.651,12.551
"POL","Poland","2012","EUROPA",15.702,24327.143,0.855,NA,76.714,12.783
"POL","Poland","2013","EUROPA",16.593,24587.273,0.865,NA,76.971,12.779
"POL","Poland","2014","EUROPA",16.206,25494.045,0.867,NA,77.569,12.837
"POL","Poland","2015","EUROPA",16.155,26636.077,0.869,NA,77.415,12.921
"POL","Poland","2016","EUROPA",16.105,27393.156,0.872,NA,77.802,13.005
"POL","Poland","2017","EUROPA",16.054,28688.342,0.874,NA,77.721,13.045
"POL","Poland","2018","EUROPA",15.929,30407.509,0.876,NA,77.628,13.085
"POL","Poland","2019","EUROPA",15.874,31772.489,0.88,NA,77.927,13.125
"POL","Poland","2020","EUROPA",15.844,31292.871,0.874,NA,76.942,13.165
"POL","Poland","2021","EUROPA",15.935,33263.712,0.876,NA,76.457,13.165
"POL","Poland","2022","EUROPA",15.935,35150.952,0.881,36,76.996,13.165
"PRT","Portugal","2000","EUROPA",15.706,29911.289,0.793,NA,76.83,6.794
"PRT","Portugal","2001","EUROPA",15.751,30248.532,0.797,NA,77.151,6.878
"PRT","Portugal","2002","EUROPA",15.796,30370.758,0.8,NA,77.368,6.963
"PRT","Portugal","2003","EUROPA",15.842,30125.925,0.803,NA,77.578,7.151
"PRT","Portugal","2004","EUROPA",15.887,30515.244,0.811,NA,78.42,7.389
"PRT","Portugal","2005","EUROPA",15.932,30676.15,0.813,NA,78.305,7.494
"PRT","Portugal","2006","EUROPA",15.977,30652.508,0.819,NA,79.071,7.617
"PRT","Portugal","2007","EUROPA",16.023,31347.228,0.822,NA,79.281,7.672
"PRT","Portugal","2008","EUROPA",16.068,31260.448,0.825,NA,79.561,7.782
"PRT","Portugal","2009","EUROPA",16.113,30238.416,0.827,NA,79.771,7.927
"PRT","Portugal","2010","EUROPA",16.158,30806.19,0.831,NA,80.035,8.058
"PRT","Portugal","2011","EUROPA",16.204,30812.509,0.836,NA,80.497,8.277
"PRT","Portugal","2012","EUROPA",16.249,29460.258,0.837,NA,80.478,8.495
"PRT","Portugal","2013","EUROPA",16.294,29649.556,0.842,NA,80.817,8.655
"PRT","Portugal","2014","EUROPA",16.339,29831.456,0.847,NA,81.216,8.871
"PRT","Portugal","2015","EUROPA",16.385,30286.361,0.85,NA,81.209,8.987
"PRT","Portugal","2016","EUROPA",16.268,31071.399,0.851,NA,81.232,9.113
"PRT","Portugal","2017","EUROPA",16.362,32269.042,0.857,NA,81.498,9.218
"PRT","Portugal","2018","EUROPA",16.481,33211.237,0.858,NA,81.395,9.145
"PRT","Portugal","2019","EUROPA",16.601,34036.339,0.864,NA,81.701,9.327
"PRT","Portugal","2020","EUROPA",16.669,31510.428,0.861,NA,81.055,9.576
"PRT","Portugal","2021","EUROPA",16.821,33274.561,0.865,NA,81.044,9.576
"PRT","Portugal","2022","EUROPA",16.821,35314.998,0.874,42,82.24,9.576
"ROU","Romania","2000","EUROPA",12.209,12127.891,0.721,NA,71.282,9.48
"ROU","Romania","2001","EUROPA",12.385,12948.234,0.727,NA,71.294,9.579
"ROU","Romania","2002","EUROPA",12.859,13880.054,0.734,NA,70.705,9.678
"ROU","Romania","2003","EUROPA",12.963,14121.33,0.733,NA,69.8,9.86
"ROU","Romania","2004","EUROPA",13.083,15385.1,0.74,NA,69.503,10.043
"ROU","Romania","2005","EUROPA",13.027,16398.896,0.75,NA,70.609,10.225
"ROU","Romania","2006","EUROPA",13.794,17729.109,0.768,NA,71.472,10.408
"ROU","Romania","2007","EUROPA",13.928,19277.33,0.78,NA,72.546,10.59
"ROU","Romania","2008","EUROPA",15.419,21672.48,0.807,NA,73.608,10.675
"ROU","Romania","2009","EUROPA",16.643,20862.308,0.819,NA,74.029,10.696
"ROU","Romania","2010","EUROPA",16.197,20192.121,0.813,NA,73.996,10.734
"ROU","Romania","2011","EUROPA",15.565,21194.265,0.813,NA,74.431,10.859
"ROU","Romania","2012","EUROPA",14.689,21593.064,0.807,NA,74.391,10.956
"ROU","Romania","2013","EUROPA",14.654,21775.869,0.811,NA,74.976,11.021
"ROU","Romania","2014","EUROPA",14.618,23013.099,0.811,NA,74.928,10.859
"ROU","Romania","2015","EUROPA",14.582,23694.012,0.813,NA,74.79,10.984
"ROU","Romania","2016","EUROPA",14.263,24428.001,0.815,NA,75.246,11.08
"ROU","Romania","2017","EUROPA",14.23,26557.756,0.823,NA,75.952,11.149
"ROU","Romania","2018","EUROPA",14.356,28192.993,0.829,NA,76.155,11.212
"ROU","Romania","2019","EUROPA",14.417,29568.957,0.834,NA,76.508,11.275
"ROU","Romania","2020","EUROPA",14.466,28602.931,0.828,NA,75.346,11.36
"ROU","Romania","2021","EUROPA",14.508,30312.022,0.825,NA,74.185,11.36
"ROU","Romania","2022","EUROPA",14.508,31641.384,0.827,53,74.117,11.36
"RUS","Russian Federation","2000","EUROPA",12.779,14185.347,0.733,NA,65.271,12.057
"RUS","Russian Federation","2001","EUROPA",13.283,15178.084,0.743,NA,65.417,12.118
"RUS","Russian Federation","2002","EUROPA",13.786,15886.594,0.749,NA,65.14,12.179
"RUS","Russian Federation","2003","EUROPA",14.29,16926.01,0.757,NA,65.264,12.199
"RUS","Russian Federation","2004","EUROPA",14.186,18366.395,0.764,NA,65.904,12.22
"RUS","Russian Federation","2005","EUROPA",14.081,19541.549,0.767,NA,66.075,12.241
"RUS","Russian Federation","2006","EUROPA",14.108,21083.293,0.778,NA,67.279,12.261
"RUS","Russian Federation","2007","EUROPA",14.258,23081.195,0.789,NA,68.153,12.282
"RUS","Russian Federation","2008","EUROPA",14.297,24119.895,0.793,NA,68.494,12.302
"RUS","Russian Federation","2009","EUROPA",14.009,22201.955,0.791,NA,69.212,12.323
"RUS","Russian Federation","2010","EUROPA",14.331,23185.285,0.797,NA,69.386,12.344
"RUS","Russian Federation","2011","EUROPA",14.652,24157.057,0.807,NA,70.398,12.35
"RUS","Russian Federation","2012","EUROPA",14.642,25053.793,0.811,NA,70.769,12.356
"RUS","Russian Federation","2013","EUROPA",14.797,25335.326,0.816,NA,71.302,12.362
"RUS","Russian Federation","2014","EUROPA",14.873,25127.727,0.818,NA,71.566,12.368
"RUS","Russian Federation","2015","EUROPA",15.199,24770.752,0.823,NA,72.101,12.374
"RUS","Russian Federation","2016","EUROPA",15.174,24798.293,0.826,NA,72.661,12.381
"RUS","Russian Federation","2017","EUROPA",14.86,25233.842,0.827,NA,73.374,12.387
"RUS","Russian Federation","2018","EUROPA",15.516,25977.611,0.836,NA,73.531,12.393
"RUS","Russian Federation","2019","EUROPA",15.524,26364.471,0.839,NA,73.933,12.399
"RUS","Russian Federation","2020","EUROPA",15.662,25973.848,0.826,NA,71.342,12.405
"RUS","Russian Federation","2021","EUROPA",15.662,27480.33,0.818,NA,69.419,12.412
"RUS","Russian Federation","2022","EUROPA",15.662,26991.85,0.821,56,70.116,12.412
"SMR","San Marino","2000","EUROPA",15.09,77456.098,0.875,NA,79.949,9.221
"SMR","San Marino","2001","EUROPA",15.106,79549.822,0.879,NA,80.419,9.314
"SMR","San Marino","2002","EUROPA",15.122,79691.548,0.882,NA,80.766,9.409
"SMR","San Marino","2003","EUROPA",15.138,81785.01,0.883,NA,80.731,9.505
"SMR","San Marino","2004","EUROPA",15.154,83392.573,0.885,NA,80.703,9.602
"SMR","San Marino","2005","EUROPA",15.171,83103.347,0.888,NA,81.218,9.699
"SMR","San Marino","2006","EUROPA",15.187,85586.428,0.892,NA,81.557,9.798
"SMR","San Marino","2007","EUROPA",15.203,88034.235,0.895,NA,81.853,9.898
"SMR","San Marino","2008","EUROPA",15.219,86782.008,0.898,NA,82.206,9.999
"SMR","San Marino","2009","EUROPA",15.253,73015.858,0.9,NA,82.493,10.1
"SMR","San Marino","2010","EUROPA",15.287,70295.546,0.901,NA,82.684,10.203
"SMR","San Marino","2011","EUROPA",15.169,61871.421,0.895,NA,82.762,10.307
"SMR","San Marino","2012","EUROPA",15.075,51561.613,0.886,NA,82.575,10.412
"SMR","San Marino","2013","EUROPA",14.544,52987.418,0.882,NA,82.391,10.518
"SMR","San Marino","2014","EUROPA",14.013,52114.825,0.879,NA,82.895,10.624
"SMR","San Marino","2015","EUROPA",13.482,48612.749,0.872,NA,82.927,10.73
"SMR","San Marino","2016","EUROPA",12.951,49153.879,0.868,NA,82.973,10.836
"SMR","San Marino","2017","EUROPA",12.42,53913.546,0.867,NA,82.916,10.942
"SMR","San Marino","2018","EUROPA",11.89,53653.617,0.859,NA,82.948,10.801
"SMR","San Marino","2019","EUROPA",12.094,55012.432,0.861,NA,82.986,10.661
"SMR","San Marino","2020","EUROPA",12.413,50895.408,0.844,NA,79.589,10.521
"SMR","San Marino","2021","EUROPA",12.433,55088.312,0.853,NA,80.879,10.521
"SMR","San Marino","2022","EUROPA",12.403,57686.543,0.867,43,83.433,10.521
"SRB","Serbia","2000","EUROPA",13.037,8902.231,0.689,NA,71.439,7.436
"SRB","Serbia","2001","EUROPA",13.095,9535.461,0.699,NA,72.307,7.566
"SRB","Serbia","2002","EUROPA",12.883,10109.135,0.701,NA,72.258,7.695
"SRB","Serbia","2003","EUROPA",12.994,10554.134,0.71,NA,72.442,8.119
"SRB","Serbia","2004","EUROPA",13.036,11509.979,0.721,NA,72.617,8.543
"SRB","Serbia","2005","EUROPA",13.282,12010.711,0.732,NA,72.709,8.966
"SRB","Serbia","2006","EUROPA",13.385,12579.255,0.743,NA,73.355,9.39
"SRB","Serbia","2007","EUROPA",13.433,13407.838,0.753,NA,73.623,9.814
"SRB","Serbia","2008","EUROPA",13.566,14282.074,0.764,NA,73.939,10.237
"SRB","Serbia","2009","EUROPA",13.64,14133.727,0.766,NA,74.038,10.305
"SRB","Serbia","2010","EUROPA",13.549,14206.508,0.768,NA,74.375,10.374
"SRB","Serbia","2011","EUROPA",13.571,14352.871,0.773,NA,74.772,10.572
"SRB","Serbia","2012","EUROPA",14.137,14413.874,0.78,NA,75.106,10.568
"SRB","Serbia","2013","EUROPA",14.279,14799.27,0.785,NA,75.605,10.565
"SRB","Serbia","2014","EUROPA",14.355,14643.744,0.787,NA,75.723,10.721
"SRB","Serbia","2015","EUROPA",14.547,14856.202,0.794,NA,75.817,11.018
"SRB","Serbia","2016","EUROPA",14.66,15290.448,0.8,NA,76.261,11.13
"SRB","Serbia","2017","EUROPA",14.803,15536.124,0.802,NA,76.213,11.162
"SRB","Serbia","2018","EUROPA",14.789,16562.936,0.808,NA,76.511,11.266
"SRB","Serbia","2019","EUROPA",14.727,17311.53,0.812,NA,76.704,11.37
"SRB","Serbia","2020","EUROPA",14.484,17696.164,0.806,NA,75.406,11.505
"SRB","Serbia","2021","EUROPA",14.484,19042.58,0.804,NA,74.192,11.505
"SRB","Serbia","2022","EUROPA",14.504,19494.009,0.805,65,74.137,11.505
"SVK","Slovakia","2000","EUROPA",13.486,15635.489,0.761,NA,73.141,9.949
"SVK","Slovakia","2001","EUROPA",13.461,16272.021,0.768,NA,73.573,10.258
"SVK","Slovakia","2002","EUROPA",13.751,16934.451,0.777,NA,73.767,10.482
"SVK","Slovakia","2003","EUROPA",14.04,16987.129,0.783,NA,73.82,10.706
"SVK","Slovakia","2004","EUROPA",14.298,18093.211,0.793,NA,74.219,10.93
"SVK","Slovakia","2005","EUROPA",14.579,19569.608,0.802,NA,74.157,11.154
"SVK","Slovakia","2006","EUROPA",14.784,21181.713,0.812,NA,74.417,11.378
"SVK","Slovakia","2007","EUROPA",15.036,23479.529,0.822,NA,74.495,11.602
"SVK","Slovakia","2008","EUROPA",15.147,25058.897,0.831,NA,74.864,11.826
"SVK","Slovakia","2009","EUROPA",15.213,23958.022,0.834,NA,75.217,12.05
"SVK","Slovakia","2010","EUROPA",15.26,25132.309,0.841,NA,75.495,12.274
"SVK","Slovakia","2011","EUROPA",15.208,25410.945,0.846,NA,76.017,12.498
"SVK","Slovakia","2012","EUROPA",15.158,26182.268,0.846,NA,76.175,12.377
"SVK","Slovakia","2013","EUROPA",15.119,26579.424,0.849,NA,76.512,12.442
"SVK","Slovakia","2014","EUROPA",14.982,27164.567,0.851,NA,76.847,12.444
"SVK","Slovakia","2015","EUROPA",14.85,28154.474,0.852,NA,76.649,12.638
"SVK","Slovakia","2016","EUROPA",14.672,28827.596,0.855,NA,77.215,12.712
"SVK","Slovakia","2017","EUROPA",14.6,29599.148,0.857,NA,77.219,12.766
"SVK","Slovakia","2018","EUROPA",14.541,30821.927,0.86,NA,77.264,12.866
"SVK","Slovakia","2019","EUROPA",14.524,31292.126,0.863,NA,77.685,12.911
"SVK","Slovakia","2020","EUROPA",14.569,30588.535,0.86,NA,77.005,13.007
"SVK","Slovakia","2021","EUROPA",14.722,31553.204,0.852,NA,74.91,13.007
"SVK","Slovakia","2022","EUROPA",14.722,32171.246,0.855,45,75.33,13.007
"SVN","Slovenia","2000","EUROPA",14.978,26262.181,0.823,NA,76.196,10.5
"SVN","Slovenia","2001","EUROPA",15.792,27176.046,0.838,NA,76.543,10.833
"SVN","Slovenia","2002","EUROPA",16.241,27887.826,0.849,NA,76.79,11.165
"SVN","Slovenia","2003","EUROPA",16.698,28576.689,0.858,NA,76.672,11.498
"SVN","Slovenia","2004","EUROPA",16.389,29613.38,0.864,NA,77.485,11.831
"SVN","Slovenia","2005","EUROPA",16.748,30834.135,0.869,NA,77.715,11.685
"SVN","Slovenia","2006","EUROPA",16.891,32399.434,0.878,NA,78.419,11.814
"SVN","Slovenia","2007","EUROPA",16.933,34096.437,0.881,NA,78.594,11.753
"SVN","Slovenia","2008","EUROPA",17.056,35128.761,0.889,NA,79.135,11.91
"SVN","Slovenia","2009","EUROPA",16.994,32492.556,0.886,NA,79.27,12.025
"SVN","Slovenia","2010","EUROPA",17.08,32910.745,0.89,NA,79.704,12.059
"SVN","Slovenia","2011","EUROPA",16.936,33118.444,0.892,NA,79.99,12.212
"SVN","Slovenia","2012","EUROPA",16.95,32115.864,0.892,NA,80.128,12.28
"SVN","Slovenia","2013","EUROPA",17.683,31809.736,0.901,NA,80.336,12.38
"SVN","Slovenia","2014","EUROPA",17.346,32792.962,0.903,NA,80.941,12.428
"SVN","Slovenia","2015","EUROPA",17.272,32757.596,0.903,NA,80.822,12.567
"SVN","Slovenia","2016","EUROPA",17.458,33966.209,0.909,NA,81.158,12.668
"SVN","Slovenia","2017","EUROPA",17.473,35849.556,0.912,NA,81.071,12.7
"SVN","Slovenia","2018","EUROPA",17.444,37430.819,0.916,NA,81.358,12.752
"SVN","Slovenia","2019","EUROPA",17.325,38436.088,0.918,NA,81.604,12.804
"SVN","Slovenia","2020","EUROPA",17.262,36848.416,0.91,NA,80.441,12.88
"SVN","Slovenia","2021","EUROPA",17.407,39478.014,0.916,NA,80.69,12.88
"SVN","Slovenia","2022","EUROPA",17.407,41586.898,0.926,22,82.133,12.88
"SWE","Sweden","2000","EUROPA",18.693,40652.788,0.903,NA,79.738,11.446
"SWE","Sweden","2001","EUROPA",18.684,41137.923,0.906,NA,79.836,11.629
"SWE","Sweden","2002","EUROPA",18.557,41993.521,0.909,NA,79.935,11.812
"SWE","Sweden","2003","EUROPA",18.557,43404.362,0.914,NA,80.195,11.996
"SWE","Sweden","2004","EUROPA",16.021,44607.663,0.901,NA,80.546,12.179
"SWE","Sweden","2005","EUROPA",16.002,46058.42,0.903,NA,80.621,12.259
"SWE","Sweden","2006","EUROPA",15.961,48518.034,0.907,NA,80.832,12.332
"SWE","Sweden","2007","EUROPA",15.813,50017.765,0.909,NA,80.97,12.401
"SWE","Sweden","2008","EUROPA",15.797,49622.547,0.905,NA,81.137,12.07
"SWE","Sweden","2009","EUROPA",15.797,46568.399,0.904,NA,81.363,12.14
"SWE","Sweden","2010","EUROPA",15.988,49095.84,0.91,NA,81.519,12.207
"SWE","Sweden","2011","EUROPA",15.873,49948.036,0.912,NA,81.758,12.275
"SWE","Sweden","2012","EUROPA",15.912,49406.504,0.912,NA,81.73,12.342
"SWE","Sweden","2013","EUROPA",18.184,49549.564,0.932,NA,81.935,12.233
"SWE","Sweden","2014","EUROPA",18.094,50298.418,0.935,NA,82.223,12.295
"SWE","Sweden","2015","EUROPA",18.321,51362.632,0.937,NA,82.183,12.354
"SWE","Sweden","2016","EUROPA",18.423,51656.233,0.939,NA,82.339,12.414
"SWE","Sweden","2017","EUROPA",18.864,52868.779,0.941,NA,82.438,12.486
"SWE","Sweden","2018","EUROPA",18.895,53389.102,0.943,NA,82.533,12.548
"SWE","Sweden","2019","EUROPA",18.522,54441.038,0.947,NA,83.052,12.61
"SWE","Sweden","2020","EUROPA",18.652,53195.458,0.944,NA,82.427,12.674
"SWE","Sweden","2021","EUROPA",19.037,55907.868,0.949,NA,82.983,12.674
"SWE","Sweden","2022","EUROPA",19.037,56995.848,0.952,5,83.505,12.674
"TUR","Turkey","2000","EUROPA",11.133,15619.346,0.669,NA,71.861,5.449
"TUR","Turkey","2001","EUROPA",11.734,14227.839,0.675,NA,72.231,5.551
"TUR","Turkey","2002","EUROPA",12.107,14903.615,0.685,NA,72.579,5.653
"TUR","Turkey","2003","EUROPA",12.227,15489.014,0.691,NA,72.89,5.756
"TUR","Turkey","2004","EUROPA",12.107,16788.317,0.696,NA,73.24,5.858
"TUR","Turkey","2005","EUROPA",12.031,17991.482,0.701,NA,73.534,5.974
"TUR","Turkey","2006","EUROPA",12.452,18989.617,0.711,NA,73.845,6.061
"TUR","Turkey","2007","EUROPA",12.702,19634.085,0.718,NA,74.193,6.142
"TUR","Turkey","2008","EUROPA",12.54,19518.37,0.721,NA,74.45,6.396
"TUR","Turkey","2009","EUROPA",13.055,18317.234,0.728,NA,74.765,6.57
"TUR","Turkey","2010","EUROPA",13.95,19681.249,0.75,NA,75.069,7.092
"TUR","Turkey","2011","EUROPA",14.5,21574.875,0.763,NA,74.941,7.359
"TUR","Turkey","2012","EUROPA",14.673,22298.171,0.772,NA,75.678,7.487
"TUR","Turkey","2013","EUROPA",16.796,23743.997,0.802,NA,76.297,7.632
"TUR","Turkey","2014","EUROPA",17.317,24492.911,0.812,NA,76.565,7.795
"TUR","Turkey","2015","EUROPA",17.788,25415.686,0.821,NA,76.646,7.958
"TUR","Turkey","2016","EUROPA",18.275,25785.76,0.826,NA,76.66,8.1
"TUR","Turkey","2017","EUROPA",18.673,27238.35,0.833,NA,77.141,8.268
"TUR","Turkey","2018","EUROPA",18.975,28001.27,0.838,NA,77.563,8.451
"TUR","Turkey","2019","EUROPA",19.185,27950.466,0.842,NA,77.832,8.633
"TUR","Turkey","2020","EUROPA",19.295,28380.885,0.835,NA,75.85,8.811
"TUR","Turkey","2021","EUROPA",19.685,31310.012,0.841,NA,76.032,8.811
"TUR","Turkey","2022","EUROPA",19.685,32833.535,0.855,45,78.475,8.811
"UKR","Ukraine","2000","EUROPA",12.799,7100.425,0.698,NA,67.856,10.839
"UKR","Ukraine","2001","EUROPA",13.548,7902.809,0.713,NA,68.181,10.937
"UKR","Ukraine","2002","EUROPA",13.916,8408.251,0.721,NA,68.173,11.034
"UKR","Ukraine","2003","EUROPA",14.272,9293.322,0.73,NA,68.209,11.131
"UKR","Ukraine","2004","EUROPA",14.254,10487.59,0.739,NA,68.402,11.229
"UKR","Ukraine","2005","EUROPA",14.52,10857.585,0.743,NA,68.151,11.326
"UKR","Ukraine","2006","EUROPA",14.722,11674.101,0.752,NA,68.741,11.363
"UKR","Ukraine","2007","EUROPA",14.907,12768.994,0.759,NA,68.766,11.399
"UKR","Ukraine","2008","EUROPA",15.04,13015.596,0.763,NA,69.117,11.436
"UKR","Ukraine","2009","EUROPA",15.072,11099.325,0.761,NA,70.247,11.472
"UKR","Ukraine","2010","EUROPA",15.06,11795.401,0.766,NA,70.621,11.509
"UKR","Ukraine","2011","EUROPA",15.036,12320.171,0.772,NA,71.387,11.44
"UKR","Ukraine","2012","EUROPA",15.059,12839.41,0.774,NA,71.627,11.371
"UKR","Ukraine","2013","EUROPA",14.928,12824.773,0.774,NA,71.862,11.302
"UKR","Ukraine","2014","EUROPA",14.93,12237.292,0.774,NA,72.591,11.233
"UKR","Ukraine","2015","EUROPA",13.771,11671.553,0.764,NA,73.458,11.164
"UKR","Ukraine","2016","EUROPA",13.636,11649.481,0.767,NA,74.312,11.156
"UKR","Ukraine","2017","EUROPA",13.676,12032.755,0.771,NA,74.718,11.148
"UKR","Ukraine","2018","EUROPA",13.643,12455.67,0.771,NA,74.412,11.14
"UKR","Ukraine","2019","EUROPA",13.712,12964.437,0.774,NA,74.536,11.131
"UKR","Ukraine","2020","EUROPA",13.588,12699.311,0.762,NA,72.573,11.123
"UKR","Ukraine","2021","EUROPA",13.328,12566.904,0.755,NA,71.624,11.123
"UKR","Ukraine","2022","EUROPA",13.328,11416.217,0.734,100,68.564,11.123
